Compound_ID,Molecule_ChEMBL_ID_Extracto,Nombre_Extracto,Motivo_Exclusion,Ensayo_ChEMBL_ID,Referencia_Bibliografica
B12,CHEMBL145,Caffeic acid,standard_value es nulo (sin valor cuantitativo),CHEMBL749522,J Med Chem (1998) [CHEMBL1131595]
B12,CHEMBL145,Caffeic acid,standard_value es nulo (sin valor cuantitativo),CHEMBL816131,Bioorg Med Chem Lett (2004) [CHEMBL1146683]
B12,CHEMBL145,Caffeic acid,standard_value es nulo (sin valor cuantitativo),CHEMBL883943,J Med Chem (2005) [CHEMBL1141112]
B12,CHEMBL145,Caffeic acid,standard_value es nulo (sin valor cuantitativo),CHEMBL870631,J Med Chem (2006) [CHEMBL1147741]
B12,CHEMBL145,Caffeic acid,standard_value es nulo (sin valor cuantitativo),CHEMBL898096,Bioorg Med Chem Lett (2007) [CHEMBL1149578]
B12,CHEMBL145,Caffeic acid,standard_value es nulo (sin valor cuantitativo),CHEMBL947693,J Nat Prod (1987) [CHEMBL1150175]
B12,CHEMBL145,Caffeic acid,standard_value es nulo (sin valor cuantitativo),CHEMBL944600,J Nat Prod (1987) [CHEMBL1150175]
B12,CHEMBL145,Caffeic acid,standard_value es nulo (sin valor cuantitativo),CHEMBL944599,J Nat Prod (1987) [CHEMBL1150175]
B12,CHEMBL145,Caffeic acid,standard_value es nulo (sin valor cuantitativo),CHEMBL944598,J Nat Prod (1987) [CHEMBL1150175]
B12,CHEMBL145,Caffeic acid,standard_value es nulo (sin valor cuantitativo),CHEMBL944597,J Nat Prod (1987) [CHEMBL1150175]
B12,CHEMBL145,Caffeic acid,standard_value es nulo (sin valor cuantitativo),CHEMBL944596,J Nat Prod (1987) [CHEMBL1150175]
B12,CHEMBL145,Caffeic acid,standard_value es nulo (sin valor cuantitativo),CHEMBL944590,J Nat Prod (1987) [CHEMBL1150175]
B12,CHEMBL145,Caffeic acid,standard_value es nulo (sin valor cuantitativo),CHEMBL944591,J Nat Prod (1987) [CHEMBL1150175]
B12,CHEMBL145,Caffeic acid,standard_value es nulo (sin valor cuantitativo),CHEMBL998743,Bioorg Med Chem (2008) [CHEMBL1156587]
B12,CHEMBL145,Caffeic acid,standard_value es nulo (sin valor cuantitativo),CHEMBL1032505,J Nat Prod (2001) [CHEMBL1137802]
B12,CHEMBL145,Caffeic acid,standard_value es nulo (sin valor cuantitativo),CHEMBL1014036,J Nat Prod (2002) [CHEMBL1150665]
B12,CHEMBL145,Caffeic acid,standard_value es nulo (sin valor cuantitativo),CHEMBL977607,J Nat Prod (2006) [CHEMBL1157317]
B12,CHEMBL145,Caffeic acid,standard_value es nulo (sin valor cuantitativo),CHEMBL975702,J Nat Prod (1999) [CHEMBL1157280]
B12,CHEMBL145,Caffeic acid,standard_value es nulo (sin valor cuantitativo),CHEMBL975703,J Nat Prod (1999) [CHEMBL1157280]
B12,CHEMBL145,Caffeic acid,standard_value es nulo (sin valor cuantitativo),CHEMBL975706,J Nat Prod (1999) [CHEMBL1157280]
B12,CHEMBL145,Caffeic acid,standard_value es nulo (sin valor cuantitativo),CHEMBL975707,J Nat Prod (1999) [CHEMBL1157280]
B12,CHEMBL145,Caffeic acid,standard_value es nulo (sin valor cuantitativo),CHEMBL975728,J Nat Prod (1999) [CHEMBL1141813]
B12,CHEMBL145,Caffeic acid,standard_value es nulo (sin valor cuantitativo),CHEMBL975731,J Nat Prod (1999) [CHEMBL1141813]
B12,CHEMBL145,Caffeic acid,standard_value es nulo (sin valor cuantitativo),CHEMBL1048218,Bioorg Med Chem Lett (2009) [CHEMBL1155970]
B12,CHEMBL145,Caffeic acid,standard_value es nulo (sin valor cuantitativo),CHEMBL1101973,J Nat Prod (2010) [CHEMBL1154898]
B12,CHEMBL145,Caffeic acid,standard_value es nulo (sin valor cuantitativo),CHEMBL1175037,Eur J Med Chem (2010) [CHEMBL1177887]
B12,CHEMBL145,Caffeic acid,standard_value es nulo (sin valor cuantitativo),CHEMBL1175038,Eur J Med Chem (2010) [CHEMBL1177887]
B12,CHEMBL145,Caffeic acid,standard_value es nulo (sin valor cuantitativo),CHEMBL1175039,Eur J Med Chem (2010) [CHEMBL1177887]
B12,CHEMBL145,Caffeic acid,standard_value es nulo (sin valor cuantitativo),CHEMBL1175040,Eur J Med Chem (2010) [CHEMBL1177887]
B12,CHEMBL145,Caffeic acid,standard_value es nulo (sin valor cuantitativo),CHEMBL1175042,Eur J Med Chem (2010) [CHEMBL1177887]
B12,CHEMBL145,Caffeic acid,standard_value es nulo (sin valor cuantitativo),CHEMBL1175043,Eur J Med Chem (2010) [CHEMBL1177887]
B12,CHEMBL145,Caffeic acid,standard_value es nulo (sin valor cuantitativo),CHEMBL1220444,Nat Chem Biol (2009) [CHEMBL1212713]
B12,CHEMBL145,Caffeic acid,standard_value es nulo (sin valor cuantitativo),CHEMBL1266185,Nat Chem Biol (2007) [CHEMBL1255231]
B12,CHEMBL145,Caffeic acid,standard_value es nulo (sin valor cuantitativo),CHEMBL1825504,J Med Chem (2011) [CHEMBL1821718]
B12,CHEMBL145,Caffeic acid,standard_value es nulo (sin valor cuantitativo),CHEMBL1825870,Bioorg Med Chem Lett (2011) [CHEMBL1821592]
B12,CHEMBL145,Caffeic acid,standard_value es nulo (sin valor cuantitativo),CHEMBL1918617,Bioorg Med Chem Lett (2011) [CHEMBL1914303]
B12,CHEMBL145,Caffeic acid,standard_value es nulo (sin valor cuantitativo),CHEMBL2045322,Eur J Med Chem (2011) [CHEMBL2040752]
B12,CHEMBL145,Caffeic acid,standard_value es nulo (sin valor cuantitativo),CHEMBL2045323,Eur J Med Chem (2011) [CHEMBL2040752]
B12,CHEMBL145,Caffeic acid,standard_value es nulo (sin valor cuantitativo),CHEMBL2148592,Bioorg Med Chem (2012) [CHEMBL2146368]
B12,CHEMBL145,Caffeic acid,standard_value es nulo (sin valor cuantitativo),CHEMBL2156060,Bioorg Med Chem Lett (2012) [CHEMBL2150930]
B12,CHEMBL145,Caffeic acid,standard_value es nulo (sin valor cuantitativo),CHEMBL2209396,Bioorg Med Chem (2012) [CHEMBL2202983]
B12,CHEMBL145,Caffeic acid,standard_value es nulo (sin valor cuantitativo),CHEMBL2216502,Bioorg Med Chem (2012) [CHEMBL2202983]
B12,CHEMBL145,Caffeic acid,standard_value es nulo (sin valor cuantitativo),CHEMBL2216503,Bioorg Med Chem (2012) [CHEMBL2202983]
B12,CHEMBL145,Caffeic acid,standard_value es nulo (sin valor cuantitativo),CHEMBL2209387,Bioorg Med Chem (2012) [CHEMBL2202983]
B12,CHEMBL145,Caffeic acid,standard_value es nulo (sin valor cuantitativo),CHEMBL2209392,Bioorg Med Chem (2012) [CHEMBL2202983]
B12,CHEMBL145,Caffeic acid,standard_value es nulo (sin valor cuantitativo),CHEMBL2210784,J Med Chem (2012) [CHEMBL2203072]
B12,CHEMBL145,Caffeic acid,standard_value es nulo (sin valor cuantitativo),CHEMBL2210373,J Med Chem (2012) [CHEMBL2203072]
B12,CHEMBL145,Caffeic acid,standard_value es nulo (sin valor cuantitativo),CHEMBL2210374,J Med Chem (2012) [CHEMBL2203072]
B12,CHEMBL145,Caffeic acid,standard_value es nulo (sin valor cuantitativo),CHEMBL2210783,J Med Chem (2012) [CHEMBL2203072]
B12,CHEMBL145,Caffeic acid,standard_value es nulo (sin valor cuantitativo),CHEMBL2210791,J Med Chem (2012) [CHEMBL2203072]
B12,CHEMBL145,Caffeic acid,standard_value es nulo (sin valor cuantitativo),CHEMBL3047857,J Agric Food Chem (2012) [CHEMBL3046303]
B12,CHEMBL145,Caffeic acid,standard_value es nulo (sin valor cuantitativo),CHEMBL3049751,J Agric Food Chem (2012) [CHEMBL3046008]
B12,CHEMBL145,Caffeic acid,standard_value es nulo (sin valor cuantitativo),CHEMBL3047386,Med Chem Res (2011) [CHEMBL3045051]
B12,CHEMBL145,Caffeic acid,standard_value es nulo (sin valor cuantitativo),CHEMBL3047387,Med Chem Res (2011) [CHEMBL3045051]
B12,CHEMBL145,Caffeic acid,standard_value es nulo (sin valor cuantitativo),CHEMBL3047388,Med Chem Res (2011) [CHEMBL3045051]
B12,CHEMBL145,Caffeic acid,standard_value es nulo (sin valor cuantitativo),CHEMBL3047389,Med Chem Res (2011) [CHEMBL3045051]
B12,CHEMBL145,Caffeic acid,standard_value es nulo (sin valor cuantitativo),CHEMBL3047390,Med Chem Res (2011) [CHEMBL3045051]
B12,CHEMBL145,Caffeic acid,standard_value es nulo (sin valor cuantitativo),CHEMBL3049096,Med Chem Res (2011) [CHEMBL3045051]
B12,CHEMBL145,Caffeic acid,standard_value es nulo (sin valor cuantitativo),CHEMBL3049097,Med Chem Res (2011) [CHEMBL3045051]
B12,CHEMBL145,Caffeic acid,standard_value es nulo (sin valor cuantitativo),CHEMBL3049098,Med Chem Res (2011) [CHEMBL3045051]
B12,CHEMBL145,Caffeic acid,standard_value es nulo (sin valor cuantitativo),CHEMBL3052679,Med Chem Res (2011) [CHEMBL3045051]
B12,CHEMBL145,Caffeic acid,standard_value es nulo (sin valor cuantitativo),CHEMBL3052680,Med Chem Res (2011) [CHEMBL3045051]
B12,CHEMBL145,Caffeic acid,standard_value es nulo (sin valor cuantitativo),CHEMBL3053142,Med Chem Res (2011) [CHEMBL3045051]
B12,CHEMBL145,Caffeic acid,standard_value es nulo (sin valor cuantitativo),CHEMBL3053143,Med Chem Res (2011) [CHEMBL3045051]
B12,CHEMBL145,Caffeic acid,standard_value es nulo (sin valor cuantitativo),CHEMBL3053144,Med Chem Res (2011) [CHEMBL3045051]
B12,CHEMBL145,Caffeic acid,standard_value es nulo (sin valor cuantitativo),CHEMBL3053145,Med Chem Res (2011) [CHEMBL3045051]
B12,CHEMBL145,Caffeic acid,standard_value es nulo (sin valor cuantitativo),CHEMBL3053146,Med Chem Res (2011) [CHEMBL3045051]
B12,CHEMBL145,Caffeic acid,standard_value es nulo (sin valor cuantitativo),CHEMBL3053150,Med Chem Res (2011) [CHEMBL3045051]
B12,CHEMBL145,Caffeic acid,standard_value es nulo (sin valor cuantitativo),CHEMBL3053151,Med Chem Res (2011) [CHEMBL3045051]
B12,CHEMBL145,Caffeic acid,standard_value es nulo (sin valor cuantitativo),CHEMBL3053153,Med Chem Res (2011) [CHEMBL3045051]
B12,CHEMBL145,Caffeic acid,standard_value es nulo (sin valor cuantitativo),CHEMBL3053154,Med Chem Res (2011) [CHEMBL3045051]
B12,CHEMBL145,Caffeic acid,standard_value es nulo (sin valor cuantitativo),CHEMBL3053155,Med Chem Res (2011) [CHEMBL3045051]
B12,CHEMBL145,Caffeic acid,standard_value es nulo (sin valor cuantitativo),CHEMBL3053156,Med Chem Res (2011) [CHEMBL3045051]
B12,CHEMBL145,Caffeic acid,standard_value es nulo (sin valor cuantitativo),CHEMBL3059230,J Pestic Sci (2011) [CHEMBL3046865]
B12,CHEMBL145,Caffeic acid,standard_value es nulo (sin valor cuantitativo),CHEMBL3059231,J Pestic Sci (2011) [CHEMBL3046865]
B12,CHEMBL145,Caffeic acid,standard_value es nulo (sin valor cuantitativo),CHEMBL3071303,Med Chem Res (2013) [CHEMBL3045072]
B12,CHEMBL145,Caffeic acid,standard_value es nulo (sin valor cuantitativo),CHEMBL2318585,J Med Chem (2013) [CHEMBL2311536]
B12,CHEMBL145,Caffeic acid,standard_value es nulo (sin valor cuantitativo),CHEMBL2341547,Bioorg Med Chem Lett (2013) [CHEMBL2331432]
B12,CHEMBL145,Caffeic acid,standard_value es nulo (sin valor cuantitativo),CHEMBL2340835,Bioorg Med Chem Lett (2013) [CHEMBL2331186]
B12,CHEMBL145,Caffeic acid,standard_value es nulo (sin valor cuantitativo),CHEMBL2343224,Eur J Med Chem (2013) [CHEMBL2331554]
B12,CHEMBL145,Caffeic acid,standard_value es nulo (sin valor cuantitativo),CHEMBL2343225,Eur J Med Chem (2013) [CHEMBL2331554]
B12,CHEMBL145,Caffeic acid,standard_value es nulo (sin valor cuantitativo),CHEMBL2388882,J Med Chem (2013) [CHEMBL2384996]
B12,CHEMBL145,Caffeic acid,standard_value es nulo (sin valor cuantitativo),CHEMBL2389031,J Med Chem (2013) [CHEMBL2384996]
B12,CHEMBL145,Caffeic acid,standard_value es nulo (sin valor cuantitativo),CHEMBL2389033,J Med Chem (2013) [CHEMBL2384996]
B12,CHEMBL145,Caffeic acid,standard_value es nulo (sin valor cuantitativo),CHEMBL2410570,Eur J Med Chem (2013) [CHEMBL2406978]
B12,CHEMBL145,Caffeic acid,standard_value es nulo (sin valor cuantitativo),CHEMBL2410575,Eur J Med Chem (2013) [CHEMBL2406978]
B12,CHEMBL145,Caffeic acid,standard_value es nulo (sin valor cuantitativo),CHEMBL2410581,Eur J Med Chem (2013) [CHEMBL2406978]
B12,CHEMBL145,Caffeic acid,standard_value es nulo (sin valor cuantitativo),CHEMBL2411488,J Nat Prod (2013) [CHEMBL2406964]
B12,CHEMBL145,Caffeic acid,standard_value es nulo (sin valor cuantitativo),CHEMBL2416133,Bioorg Med Chem (2013) [CHEMBL2412984]
B12,CHEMBL145,Caffeic acid,standard_value es nulo (sin valor cuantitativo),CHEMBL2428848,Med Chem Res (2013) [CHEMBL2424526]
B12,CHEMBL145,Caffeic acid,standard_value es nulo (sin valor cuantitativo),CHEMBL2444377,Bioorg Med Chem (2013) [CHEMBL2440059]
B12,CHEMBL145,Caffeic acid,standard_value es nulo (sin valor cuantitativo),CHEMBL3094943,J Nat Prod (2013) [CHEMBL3091360]
B12,CHEMBL145,Caffeic acid,standard_value es nulo (sin valor cuantitativo),CHEMBL3094944,J Nat Prod (2013) [CHEMBL3091360]
B12,CHEMBL145,Caffeic acid,standard_value es nulo (sin valor cuantitativo),CHEMBL3094945,J Nat Prod (2013) [CHEMBL3091360]
B12,CHEMBL145,Caffeic acid,standard_value es nulo (sin valor cuantitativo),CHEMBL3094946,J Nat Prod (2013) [CHEMBL3091360]
B12,CHEMBL145,Caffeic acid,standard_value es nulo (sin valor cuantitativo),CHEMBL3094947,J Nat Prod (2013) [CHEMBL3091360]
B12,CHEMBL145,Caffeic acid,standard_value es nulo (sin valor cuantitativo),CHEMBL3094948,J Nat Prod (2013) [CHEMBL3091360]
B12,CHEMBL145,Caffeic acid,standard_value es nulo (sin valor cuantitativo),CHEMBL3094949,J Nat Prod (2013) [CHEMBL3091360]
B12,CHEMBL145,Caffeic acid,standard_value es nulo (sin valor cuantitativo),CHEMBL3108290,Bioorg Med Chem (2014) [CHEMBL3102802]
B12,CHEMBL145,Caffeic acid,standard_value es nulo (sin valor cuantitativo),CHEMBL3124070,J Nat Prod (2014) [CHEMBL3120059]
B12,CHEMBL145,Caffeic acid,standard_value es nulo (sin valor cuantitativo),CHEMBL3124071,J Nat Prod (2014) [CHEMBL3120059]
B12,CHEMBL145,Caffeic acid,standard_value es nulo (sin valor cuantitativo),CHEMBL3124072,J Nat Prod (2014) [CHEMBL3120059]
B12,CHEMBL145,Caffeic acid,standard_value es nulo (sin valor cuantitativo),CHEMBL3129958,Bioorg Med Chem Lett (2014) [CHEMBL3124821]
B12,CHEMBL145,Caffeic acid,standard_value es nulo (sin valor cuantitativo),CHEMBL3380051,J Med Chem (2014) [CHEMBL3351774]
B12,CHEMBL145,Caffeic acid,standard_value es nulo (sin valor cuantitativo),CHEMBL3631145,Bioorg Med Chem Lett (2015) [CHEMBL3627675]
B12,CHEMBL145,Caffeic acid,standard_value es nulo (sin valor cuantitativo),CHEMBL3631146,Bioorg Med Chem Lett (2015) [CHEMBL3627675]
B12,CHEMBL145,Caffeic acid,standard_value es nulo (sin valor cuantitativo),CHEMBL3637604,J Nat Prod (2015) [CHEMBL3632531]
B12,CHEMBL145,Caffeic acid,standard_value es nulo (sin valor cuantitativo),CHEMBL3742626,Medchemcomm (2015) [CHEMBL3739425]
B12,CHEMBL145,Caffeic acid,standard_value es nulo (sin valor cuantitativo),CHEMBL3745358,J Nat Prod (2015) [CHEMBL3739262]
B12,CHEMBL145,Caffeic acid,standard_value es nulo (sin valor cuantitativo),CHEMBL3824751,Eur J Med Chem (2016) [CHEMBL3822454]
B12,CHEMBL145,Caffeic acid,standard_value es nulo (sin valor cuantitativo),CHEMBL3824752,Eur J Med Chem (2016) [CHEMBL3822454]
B12,CHEMBL145,Caffeic acid,standard_value es nulo (sin valor cuantitativo),CHEMBL3824753,Eur J Med Chem (2016) [CHEMBL3822454]
B12,CHEMBL145,Caffeic acid,standard_value es nulo (sin valor cuantitativo),CHEMBL3993357,J Med Chem (2017) [CHEMBL3992520]
B12,CHEMBL145,Caffeic acid,standard_value es nulo (sin valor cuantitativo),CHEMBL3993358,J Med Chem (2017) [CHEMBL3992520]
B12,CHEMBL145,Caffeic acid,standard_value es nulo (sin valor cuantitativo),CHEMBL4054596,Eur J Med Chem (2017) [CHEMBL4052639]
B12,CHEMBL145,Caffeic acid,standard_value es nulo (sin valor cuantitativo),CHEMBL4142914,J Nat Prod (2017) [CHEMBL4138207]
B12,CHEMBL145,Caffeic acid,standard_value es nulo (sin valor cuantitativo),CHEMBL4142913,J Nat Prod (2017) [CHEMBL4138207]
B12,CHEMBL145,Caffeic acid,standard_value es nulo (sin valor cuantitativo),CHEMBL4142912,J Nat Prod (2017) [CHEMBL4138207]
B12,CHEMBL145,Caffeic acid,standard_value es nulo (sin valor cuantitativo),CHEMBL4142911,J Nat Prod (2017) [CHEMBL4138207]
B12,CHEMBL145,Caffeic acid,standard_value es nulo (sin valor cuantitativo),CHEMBL4142910,J Nat Prod (2017) [CHEMBL4138207]
B12,CHEMBL145,Caffeic acid,standard_value es nulo (sin valor cuantitativo),CHEMBL4142909,J Nat Prod (2017) [CHEMBL4138207]
B12,CHEMBL145,Caffeic acid,standard_value es nulo (sin valor cuantitativo),CHEMBL4142908,J Nat Prod (2017) [CHEMBL4138207]
B12,CHEMBL145,Caffeic acid,standard_value es nulo (sin valor cuantitativo),CHEMBL4142907,J Nat Prod (2017) [CHEMBL4138207]
B12,CHEMBL145,Caffeic acid,standard_value es nulo (sin valor cuantitativo),CHEMBL4142906,J Nat Prod (2017) [CHEMBL4138207]
B12,CHEMBL145,Caffeic acid,standard_value es nulo (sin valor cuantitativo),CHEMBL4142904,J Nat Prod (2017) [CHEMBL4138207]
B12,CHEMBL145,Caffeic acid,standard_value es nulo (sin valor cuantitativo),CHEMBL4142903,J Nat Prod (2017) [CHEMBL4138207]
B12,CHEMBL145,Caffeic acid,standard_value es nulo (sin valor cuantitativo),CHEMBL4142902,J Nat Prod (2017) [CHEMBL4138207]
B12,CHEMBL145,Caffeic acid,standard_value es nulo (sin valor cuantitativo),CHEMBL4142901,J Nat Prod (2017) [CHEMBL4138207]
B12,CHEMBL145,Caffeic acid,standard_value es nulo (sin valor cuantitativo),CHEMBL4192072,J Nat Prod (2017) [CHEMBL4190245]
B12,CHEMBL145,Caffeic acid,standard_value es nulo (sin valor cuantitativo),CHEMBL4192073,J Nat Prod (2017) [CHEMBL4190245]
B12,CHEMBL145,Caffeic acid,standard_value es nulo (sin valor cuantitativo),CHEMBL4192074,J Nat Prod (2017) [CHEMBL4190245]
B12,CHEMBL145,Caffeic acid,standard_value es nulo (sin valor cuantitativo),CHEMBL4192076,J Nat Prod (2017) [CHEMBL4190245]
B12,CHEMBL145,Caffeic acid,standard_value es nulo (sin valor cuantitativo),CHEMBL4192077,J Nat Prod (2017) [CHEMBL4190245]
B12,CHEMBL145,Caffeic acid,standard_value es nulo (sin valor cuantitativo),CHEMBL4192078,J Nat Prod (2017) [CHEMBL4190245]
B12,CHEMBL145,Caffeic acid,standard_value es nulo (sin valor cuantitativo),CHEMBL4192069,J Nat Prod (2017) [CHEMBL4190245]
B12,CHEMBL145,Caffeic acid,standard_value es nulo (sin valor cuantitativo),CHEMBL4192087,J Nat Prod (2017) [CHEMBL4190245]
B12,CHEMBL145,Caffeic acid,standard_value es nulo (sin valor cuantitativo),CHEMBL4192088,J Nat Prod (2017) [CHEMBL4190245]
B12,CHEMBL145,Caffeic acid,standard_value es nulo (sin valor cuantitativo),CHEMBL4267960,Eur J Med Chem (2018) [CHEMBL4265933]
B12,CHEMBL145,Caffeic acid,standard_value es nulo (sin valor cuantitativo),CHEMBL4267972,Eur J Med Chem (2018) [CHEMBL4265933]
B12,CHEMBL145,Caffeic acid,standard_value es nulo (sin valor cuantitativo),CHEMBL4267959,Eur J Med Chem (2018) [CHEMBL4265933]
B12,CHEMBL145,Caffeic acid,standard_value es nulo (sin valor cuantitativo),CHEMBL4321162,Bioorg Med Chem Lett (2019) [CHEMBL4316615]
B12,CHEMBL145,Caffeic acid,standard_value es nulo (sin valor cuantitativo),CHEMBL4339315,Eur J Med Chem (2019) [CHEMBL4339186]
B12,CHEMBL145,Caffeic acid,standard_value es nulo (sin valor cuantitativo),CHEMBL4677246,Bioorg Med Chem Lett (2021) [CHEMBL4673275]
B12,CHEMBL145,Caffeic acid,standard_value es nulo (sin valor cuantitativo),CHEMBL4723694,J Nat Prod (2020) [CHEMBL4715865]
B12,CHEMBL145,Caffeic acid,standard_value es nulo (sin valor cuantitativo),CHEMBL4723714,J Nat Prod (2020) [CHEMBL4715865]
B12,CHEMBL145,Caffeic acid,standard_value es nulo (sin valor cuantitativo),CHEMBL5354112,Eur J Med Chem (2022) [CHEMBL5352424]
B12,CHEMBL145,Caffeic acid,standard_value es nulo (sin valor cuantitativo),CHEMBL5354115,Eur J Med Chem (2022) [CHEMBL5352424]
B11,CHEMBL120568,Vanillic acid,standard_value es nulo (sin valor cuantitativo),CHEMBL1021743,J Nat Prod (1987) [CHEMBL1150736]
B11,CHEMBL120568,Vanillic acid,standard_value es nulo (sin valor cuantitativo),CHEMBL1021745,J Nat Prod (1987) [CHEMBL1150736]
B11,CHEMBL120568,Vanillic acid,standard_value es nulo (sin valor cuantitativo),CHEMBL1021746,J Nat Prod (1987) [CHEMBL1150736]
B11,CHEMBL120568,Vanillic acid,standard_value es nulo (sin valor cuantitativo),CHEMBL1021749,J Nat Prod (1987) [CHEMBL1150736]
B11,CHEMBL120568,Vanillic acid,standard_value es nulo (sin valor cuantitativo),CHEMBL1101973,J Nat Prod (2010) [CHEMBL1154898]
B11,CHEMBL120568,Vanillic acid,standard_value es nulo (sin valor cuantitativo),CHEMBL1657268,Antimicrob Agents Chemother (2009) [CHEMBL1649163]
B11,CHEMBL120568,Vanillic acid,standard_value es nulo (sin valor cuantitativo),CHEMBL1657300,Antimicrob Agents Chemother (2009) [CHEMBL1649163]
B11,CHEMBL120568,Vanillic acid,standard_value es nulo (sin valor cuantitativo),CHEMBL1804869,Bioorg Med Chem Lett (2011) [CHEMBL1799918]
B11,CHEMBL120568,Vanillic acid,standard_value es nulo (sin valor cuantitativo),CHEMBL1804868,Bioorg Med Chem Lett (2011) [CHEMBL1799918]
B11,CHEMBL120568,Vanillic acid,standard_value es nulo (sin valor cuantitativo),CHEMBL2174739,J Med Chem (2012) [CHEMBL2169834]
B11,CHEMBL120568,Vanillic acid,standard_value es nulo (sin valor cuantitativo),CHEMBL3049751,J Agric Food Chem (2012) [CHEMBL3046008]
B11,CHEMBL120568,Vanillic acid,standard_value es nulo (sin valor cuantitativo),CHEMBL3059799,J Agric Food Chem (2003) [CHEMBL3045747]
B11,CHEMBL120568,Vanillic acid,standard_value es nulo (sin valor cuantitativo),CHEMBL3078775,Crop Prot (2013) [CHEMBL3044718]
B11,CHEMBL120568,Vanillic acid,standard_value es nulo (sin valor cuantitativo),CHEMBL3078776,Crop Prot (2013) [CHEMBL3044718]
B11,CHEMBL120568,Vanillic acid,standard_value es nulo (sin valor cuantitativo),CHEMBL3078779,Crop Prot (2013) [CHEMBL3044718]
B11,CHEMBL120568,Vanillic acid,standard_value es nulo (sin valor cuantitativo),CHEMBL3078780,Crop Prot (2013) [CHEMBL3044718]
B11,CHEMBL120568,Vanillic acid,standard_value es nulo (sin valor cuantitativo),CHEMBL3078781,Crop Prot (2013) [CHEMBL3044718]
B11,CHEMBL120568,Vanillic acid,standard_value es nulo (sin valor cuantitativo),CHEMBL3078663,Crop Prot (2013) [CHEMBL3044718]
B11,CHEMBL120568,Vanillic acid,standard_value es nulo (sin valor cuantitativo),CHEMBL3124462,J Nat Prod (2014) [CHEMBL3120079]
B11,CHEMBL120568,Vanillic acid,standard_value es nulo (sin valor cuantitativo),CHEMBL3383570,Bioorg Med Chem Lett (2014) [CHEMBL3352537]
B11,CHEMBL120568,Vanillic acid,standard_value es nulo (sin valor cuantitativo),CHEMBL3821807,Bioorg Med Chem Lett (2016) [CHEMBL3817734]
B11,CHEMBL120568,Vanillic acid,standard_value es nulo (sin valor cuantitativo),CHEMBL3821809,Bioorg Med Chem Lett (2016) [CHEMBL3817734]
B11,CHEMBL120568,Vanillic acid,standard_value es nulo (sin valor cuantitativo),CHEMBL3821813,Bioorg Med Chem Lett (2016) [CHEMBL3817734]
B11,CHEMBL120568,Vanillic acid,standard_value es nulo (sin valor cuantitativo),CHEMBL4182806,Bioorg Med Chem Lett (2018) [CHEMBL4177733]
B11,CHEMBL120568,Vanillic acid,standard_value es nulo (sin valor cuantitativo),CHEMBL4186864,Bioorg Med Chem (2018) [CHEMBL4184188]
B11,CHEMBL120568,Vanillic acid,standard_value es nulo (sin valor cuantitativo),CHEMBL5360902,Bioorg Med Chem (2022) [CHEMBL5360524]
B11,CHEMBL120568,Vanillic acid,standard_value es nulo (sin valor cuantitativo),CHEMBL5360903,Bioorg Med Chem (2022) [CHEMBL5360524]
B11,CHEMBL120568,Vanillic acid,standard_value es nulo (sin valor cuantitativo),CHEMBL5365773,Bioorg Med Chem Lett (2023) [CHEMBL5365402]
B11,CHEMBL120568,Vanillic acid,standard_value es nulo (sin valor cuantitativo),CHEMBL5365774,Bioorg Med Chem Lett (2023) [CHEMBL5365402]
B11,CHEMBL120568,Vanillic acid,standard_value es nulo (sin valor cuantitativo),CHEMBL5365775,Bioorg Med Chem Lett (2023) [CHEMBL5365402]
B11,CHEMBL120568,Vanillic acid,standard_value es nulo (sin valor cuantitativo),CHEMBL5365776,Bioorg Med Chem Lett (2023) [CHEMBL5365402]
B11,CHEMBL120568,Vanillic acid,standard_value es nulo (sin valor cuantitativo),CHEMBL5365777,Bioorg Med Chem Lett (2023) [CHEMBL5365402]
B11,CHEMBL120568,Vanillic acid,standard_value es nulo (sin valor cuantitativo),CHEMBL5365778,Bioorg Med Chem Lett (2023) [CHEMBL5365402]
B11,CHEMBL120568,Vanillic acid,standard_value es nulo (sin valor cuantitativo),CHEMBL5365779,Bioorg Med Chem Lett (2023) [CHEMBL5365402]
B11,CHEMBL120568,Vanillic acid,standard_value es nulo (sin valor cuantitativo),CHEMBL5365780,Bioorg Med Chem Lett (2023) [CHEMBL5365402]
B11,CHEMBL120568,Vanillic acid,standard_value es nulo (sin valor cuantitativo),CHEMBL5365781,Bioorg Med Chem Lett (2023) [CHEMBL5365402]
B11,CHEMBL120568,Vanillic acid,standard_value es nulo (sin valor cuantitativo),CHEMBL6137622,J Med Chem (2025) [CHEMBL6134841]
B13,CHEMBL14193,4-Hydroxybenzaldehyde,standard_value es nulo (sin valor cuantitativo),CHEMBL892695,Bioorg Med Chem Lett (2007) [CHEMBL1147837]
B13,CHEMBL14193,4-Hydroxybenzaldehyde,standard_value es nulo (sin valor cuantitativo),CHEMBL1025918,J Nat Prod (1998) [CHEMBL1159195]
B13,CHEMBL14193,4-Hydroxybenzaldehyde,standard_value es nulo (sin valor cuantitativo),CHEMBL1958517,Bioorg Med Chem Lett (2012) [CHEMBL1955786]
B13,CHEMBL14193,4-Hydroxybenzaldehyde,standard_value es nulo (sin valor cuantitativo),CHEMBL1958518,Bioorg Med Chem Lett (2012) [CHEMBL1955786]
B13,CHEMBL14193,4-Hydroxybenzaldehyde,standard_value es nulo (sin valor cuantitativo),CHEMBL1958519,Bioorg Med Chem Lett (2012) [CHEMBL1955786]
B13,CHEMBL14193,4-Hydroxybenzaldehyde,standard_value es nulo (sin valor cuantitativo),CHEMBL1958520,Bioorg Med Chem Lett (2012) [CHEMBL1955786]
B13,CHEMBL14193,4-Hydroxybenzaldehyde,standard_value es nulo (sin valor cuantitativo),CHEMBL2092115,J Nat Prod (2012) [CHEMBL2086344]
B13,CHEMBL14193,4-Hydroxybenzaldehyde,standard_value es nulo (sin valor cuantitativo),CHEMBL3060954,J Agric Food Chem (2008) [CHEMBL3045282]
B13,CHEMBL14193,4-Hydroxybenzaldehyde,standard_value es nulo (sin valor cuantitativo),CHEMBL3060955,J Agric Food Chem (2008) [CHEMBL3045282]
B13,CHEMBL14193,4-Hydroxybenzaldehyde,standard_value es nulo (sin valor cuantitativo),CHEMBL3418120,Eur J Med Chem (2015) [CHEMBL3414459]
B13,CHEMBL14193,4-Hydroxybenzaldehyde,standard_value es nulo (sin valor cuantitativo),CHEMBL3418121,Eur J Med Chem (2015) [CHEMBL3414459]
B13,CHEMBL14193,4-Hydroxybenzaldehyde,standard_value es nulo (sin valor cuantitativo),CHEMBL3418127,Eur J Med Chem (2015) [CHEMBL3414459]
B13,CHEMBL14193,4-Hydroxybenzaldehyde,standard_value es nulo (sin valor cuantitativo),CHEMBL3429257,Bioorg Med Chem Lett (2015) [CHEMBL3425462]
B13,CHEMBL14193,4-Hydroxybenzaldehyde,standard_value es nulo (sin valor cuantitativo),CHEMBL3580332,J Nat Prod (2015) [CHEMBL3576836]
B13,CHEMBL14193,4-Hydroxybenzaldehyde,standard_value es nulo (sin valor cuantitativo),CHEMBL3789859,Eur J Med Chem (2016) [CHEMBL3785074]
B13,CHEMBL14193,4-Hydroxybenzaldehyde,standard_value es nulo (sin valor cuantitativo),CHEMBL3877132,ACS Med Chem Lett (2017) [CHEMBL3875231]
B13,CHEMBL14193,4-Hydroxybenzaldehyde,standard_value es nulo (sin valor cuantitativo),CHEMBL4193266,J Nat Prod (2017) [CHEMBL4190302]
B14,CHEMBL328910,"2,4-Dihydroxybenzoic acid",standard_value es nulo (sin valor cuantitativo),CHEMBL1021743,J Nat Prod (1987) [CHEMBL1150736]
B14,CHEMBL328910,"2,4-Dihydroxybenzoic acid",standard_value es nulo (sin valor cuantitativo),CHEMBL1021745,J Nat Prod (1987) [CHEMBL1150736]
B14,CHEMBL328910,"2,4-Dihydroxybenzoic acid",standard_value es nulo (sin valor cuantitativo),CHEMBL1021746,J Nat Prod (1987) [CHEMBL1150736]
B14,CHEMBL328910,"2,4-Dihydroxybenzoic acid",standard_value es nulo (sin valor cuantitativo),CHEMBL1021747,J Nat Prod (1987) [CHEMBL1150736]
B14,CHEMBL328910,"2,4-Dihydroxybenzoic acid",standard_value es nulo (sin valor cuantitativo),CHEMBL1021748,J Nat Prod (1987) [CHEMBL1150736]
B14,CHEMBL328910,"2,4-Dihydroxybenzoic acid",standard_value es nulo (sin valor cuantitativo),CHEMBL1021749,J Nat Prod (1987) [CHEMBL1150736]
B14,CHEMBL328910,"2,4-Dihydroxybenzoic acid",standard_value es nulo (sin valor cuantitativo),CHEMBL3061391,Med Chem Res (2011) [CHEMBL3046183]
B14,CHEMBL328910,"2,4-Dihydroxybenzoic acid",standard_value es nulo (sin valor cuantitativo),CHEMBL3998899,J Med Chem (2017) [CHEMBL3997795]
B14,CHEMBL328910,"2,4-Dihydroxybenzoic acid",standard_value es nulo (sin valor cuantitativo),CHEMBL3998900,J Med Chem (2017) [CHEMBL3997795]
B14,CHEMBL328910,"2,4-Dihydroxybenzoic acid",standard_value es nulo (sin valor cuantitativo),CHEMBL3998901,J Med Chem (2017) [CHEMBL3997795]
B14,CHEMBL328910,"2,4-Dihydroxybenzoic acid",standard_value es nulo (sin valor cuantitativo),CHEMBL3998902,J Med Chem (2017) [CHEMBL3997795]
B14,CHEMBL328910,"2,4-Dihydroxybenzoic acid",standard_value es nulo (sin valor cuantitativo),CHEMBL4231092,Eur J Med Chem (2018) [CHEMBL4229345]
B14,CHEMBL328910,"2,4-Dihydroxybenzoic acid",standard_value es nulo (sin valor cuantitativo),CHEMBL4231093,Eur J Med Chem (2018) [CHEMBL4229345]
B14,CHEMBL328910,"2,4-Dihydroxybenzoic acid",standard_value es nulo (sin valor cuantitativo),CHEMBL4231095,Eur J Med Chem (2018) [CHEMBL4229345]
B14,CHEMBL328910,"2,4-Dihydroxybenzoic acid",standard_value es nulo (sin valor cuantitativo),CHEMBL4231097,Eur J Med Chem (2018) [CHEMBL4229345]
B14,CHEMBL328910,"2,4-Dihydroxybenzoic acid",standard_value es nulo (sin valor cuantitativo),CHEMBL4231099,Eur J Med Chem (2018) [CHEMBL4229345]
B17,CHEMBL66879,p-Coumaric acid,standard_value es nulo (sin valor cuantitativo),CHEMBL749521,J Med Chem (1998) [CHEMBL1131595]
B17,CHEMBL66879,p-Coumaric acid,standard_value es nulo (sin valor cuantitativo),CHEMBL1032505,J Nat Prod (2001) [CHEMBL1137802]
B17,CHEMBL66879,p-Coumaric acid,standard_value es nulo (sin valor cuantitativo),CHEMBL1220444,Nat Chem Biol (2009) [CHEMBL1212713]
B17,CHEMBL66879,p-Coumaric acid,standard_value es nulo (sin valor cuantitativo),CHEMBL1219356,Bioorg Med Chem (2010) [CHEMBL1212882]
B17,CHEMBL66879,p-Coumaric acid,standard_value es nulo (sin valor cuantitativo),CHEMBL1670097,Eur J Med Chem (2011) [CHEMBL1667790]
B17,CHEMBL66879,p-Coumaric acid,standard_value es nulo (sin valor cuantitativo),CHEMBL1781526,Bioorg Med Chem (2011) [CHEMBL1777791]
B17,CHEMBL66879,p-Coumaric acid,standard_value es nulo (sin valor cuantitativo),CHEMBL1804869,Bioorg Med Chem Lett (2011) [CHEMBL1799918]
B17,CHEMBL66879,p-Coumaric acid,standard_value es nulo (sin valor cuantitativo),CHEMBL1804868,Bioorg Med Chem Lett (2011) [CHEMBL1799918]
B17,CHEMBL66879,p-Coumaric acid,standard_value es nulo (sin valor cuantitativo),CHEMBL1936463,Bioorg Med Chem Lett (2012) [CHEMBL1932950]
B17,CHEMBL66879,p-Coumaric acid,standard_value es nulo (sin valor cuantitativo),CHEMBL2168061,J Nat Prod (2012) [CHEMBL2163336]
B17,CHEMBL66879,p-Coumaric acid,standard_value es nulo (sin valor cuantitativo),CHEMBL2216511,Bioorg Med Chem (2012) [CHEMBL2202983]
B17,CHEMBL66879,p-Coumaric acid,standard_value es nulo (sin valor cuantitativo),CHEMBL2209391,Bioorg Med Chem (2012) [CHEMBL2202983]
B17,CHEMBL66879,p-Coumaric acid,standard_value es nulo (sin valor cuantitativo),CHEMBL3050303,J Agric Food Chem (2011) [CHEMBL3045143]
B17,CHEMBL66879,p-Coumaric acid,standard_value es nulo (sin valor cuantitativo),CHEMBL3050304,J Agric Food Chem (2011) [CHEMBL3045143]
B17,CHEMBL66879,p-Coumaric acid,standard_value es nulo (sin valor cuantitativo),CHEMBL3050305,J Agric Food Chem (2011) [CHEMBL3045143]
B17,CHEMBL66879,p-Coumaric acid,standard_value es nulo (sin valor cuantitativo),CHEMBL3050306,J Agric Food Chem (2011) [CHEMBL3045143]
B17,CHEMBL66879,p-Coumaric acid,standard_value es nulo (sin valor cuantitativo),CHEMBL3050307,J Agric Food Chem (2011) [CHEMBL3045143]
B17,CHEMBL66879,p-Coumaric acid,standard_value es nulo (sin valor cuantitativo),CHEMBL3050308,J Agric Food Chem (2011) [CHEMBL3045143]
B17,CHEMBL66879,p-Coumaric acid,standard_value es nulo (sin valor cuantitativo),CHEMBL3050309,J Agric Food Chem (2011) [CHEMBL3045143]
B17,CHEMBL66879,p-Coumaric acid,standard_value es nulo (sin valor cuantitativo),CHEMBL3050310,J Agric Food Chem (2011) [CHEMBL3045143]
B17,CHEMBL66879,p-Coumaric acid,standard_value es nulo (sin valor cuantitativo),CHEMBL3050311,J Agric Food Chem (2011) [CHEMBL3045143]
B17,CHEMBL66879,p-Coumaric acid,standard_value es nulo (sin valor cuantitativo),CHEMBL3050312,J Agric Food Chem (2011) [CHEMBL3045143]
B17,CHEMBL66879,p-Coumaric acid,standard_value es nulo (sin valor cuantitativo),CHEMBL3048311,J Agric Food Chem (2011) [CHEMBL3045143]
B17,CHEMBL66879,p-Coumaric acid,standard_value es nulo (sin valor cuantitativo),CHEMBL3049751,J Agric Food Chem (2012) [CHEMBL3046008]
B17,CHEMBL66879,p-Coumaric acid,standard_value es nulo (sin valor cuantitativo),CHEMBL3059231,J Pestic Sci (2011) [CHEMBL3046865]
B17,CHEMBL66879,p-Coumaric acid,standard_value es nulo (sin valor cuantitativo),CHEMBL3078775,Crop Prot (2013) [CHEMBL3044718]
B17,CHEMBL66879,p-Coumaric acid,standard_value es nulo (sin valor cuantitativo),CHEMBL3078776,Crop Prot (2013) [CHEMBL3044718]
B17,CHEMBL66879,p-Coumaric acid,standard_value es nulo (sin valor cuantitativo),CHEMBL3078781,Crop Prot (2013) [CHEMBL3044718]
B17,CHEMBL66879,p-Coumaric acid,standard_value es nulo (sin valor cuantitativo),CHEMBL3078664,Crop Prot (2013) [CHEMBL3044718]
B17,CHEMBL66879,p-Coumaric acid,standard_value es nulo (sin valor cuantitativo),CHEMBL3078665,Crop Prot (2013) [CHEMBL3044718]
B17,CHEMBL66879,p-Coumaric acid,standard_value es nulo (sin valor cuantitativo),CHEMBL3071303,Med Chem Res (2013) [CHEMBL3045072]
B17,CHEMBL66879,p-Coumaric acid,standard_value es nulo (sin valor cuantitativo),CHEMBL3072895,Med Chem Res (2013) [CHEMBL3045072]
B17,CHEMBL66879,p-Coumaric acid,standard_value es nulo (sin valor cuantitativo),CHEMBL2341551,Bioorg Med Chem Lett (2013) [CHEMBL2331432]
B17,CHEMBL66879,p-Coumaric acid,standard_value es nulo (sin valor cuantitativo),CHEMBL2341552,Bioorg Med Chem Lett (2013) [CHEMBL2331432]
B17,CHEMBL66879,p-Coumaric acid,standard_value es nulo (sin valor cuantitativo),CHEMBL2389041,J Med Chem (2013) [CHEMBL2384996]
B17,CHEMBL66879,p-Coumaric acid,standard_value es nulo (sin valor cuantitativo),CHEMBL2428848,Med Chem Res (2013) [CHEMBL2424526]
B17,CHEMBL66879,p-Coumaric acid,standard_value es nulo (sin valor cuantitativo),CHEMBL4193266,J Nat Prod (2017) [CHEMBL4190302]
B17,CHEMBL66879,p-Coumaric acid,standard_value es nulo (sin valor cuantitativo),CHEMBL4321585,J Nat Prod (2019) [CHEMBL4316643]
B17,CHEMBL66879,p-Coumaric acid,standard_value es nulo (sin valor cuantitativo),CHEMBL4321584,J Nat Prod (2019) [CHEMBL4316643]
B17,CHEMBL66879,p-Coumaric acid,standard_value es nulo (sin valor cuantitativo),CHEMBL4321582,J Nat Prod (2019) [CHEMBL4316643]
B17,CHEMBL66879,p-Coumaric acid,standard_value es nulo (sin valor cuantitativo),CHEMBL4321581,J Nat Prod (2019) [CHEMBL4316643]
B17,CHEMBL66879,p-Coumaric acid,standard_value es nulo (sin valor cuantitativo),CHEMBL4321580,J Nat Prod (2019) [CHEMBL4316643]
B17,CHEMBL66879,p-Coumaric acid,standard_value es nulo (sin valor cuantitativo),CHEMBL4321579,J Nat Prod (2019) [CHEMBL4316643]
B17,CHEMBL66879,p-Coumaric acid,standard_value es nulo (sin valor cuantitativo),CHEMBL4339315,Eur J Med Chem (2019) [CHEMBL4339186]
B17,CHEMBL66879,p-Coumaric acid,standard_value es nulo (sin valor cuantitativo),CHEMBL5365767,Bioorg Med Chem Lett (2023) [CHEMBL5365402]
B17,CHEMBL66879,p-Coumaric acid,standard_value es nulo (sin valor cuantitativo),CHEMBL5365768,Bioorg Med Chem Lett (2023) [CHEMBL5365402]
B17,CHEMBL66879,p-Coumaric acid,standard_value es nulo (sin valor cuantitativo),CHEMBL5365769,Bioorg Med Chem Lett (2023) [CHEMBL5365402]
B17,CHEMBL66879,p-Coumaric acid,standard_value es nulo (sin valor cuantitativo),CHEMBL5365776,Bioorg Med Chem Lett (2023) [CHEMBL5365402]
B17,CHEMBL66879,p-Coumaric acid,standard_value es nulo (sin valor cuantitativo),CHEMBL5365777,Bioorg Med Chem Lett (2023) [CHEMBL5365402]
B17,CHEMBL66879,p-Coumaric acid,standard_value es nulo (sin valor cuantitativo),CHEMBL5365778,Bioorg Med Chem Lett (2023) [CHEMBL5365402]
B17,CHEMBL66879,p-Coumaric acid,standard_value es nulo (sin valor cuantitativo),CHEMBL5365779,Bioorg Med Chem Lett (2023) [CHEMBL5365402]
B17,CHEMBL66879,p-Coumaric acid,standard_value es nulo (sin valor cuantitativo),CHEMBL5365780,Bioorg Med Chem Lett (2023) [CHEMBL5365402]
B17,CHEMBL66879,p-Coumaric acid,standard_value es nulo (sin valor cuantitativo),CHEMBL5365781,Bioorg Med Chem Lett (2023) [CHEMBL5365402]
B18,CHEMBL5556768,Schaftoside,molecule_type='None' (no es 'Small molecule'),CHEMBL5505500,J Med Chem (2024) [CHEMBL5500424]
B18,CHEMBL5556768,Schaftoside,molecule_type='None' (no es 'Small molecule'),CHEMBL5505501,J Med Chem (2024) [CHEMBL5500424]
B19,CHEMBL1442950,Vicenin-2,standard_value es nulo (sin valor cuantitativo),CHEMBL1053093,J Nat Prod (2009) [CHEMBL1152922]
B19,CHEMBL1442950,Vicenin-2,standard_value es nulo (sin valor cuantitativo),CHEMBL1817400,J Nat Prod (2011) [CHEMBL1811820]
B19,CHEMBL1442950,Vicenin-2,standard_value es nulo (sin valor cuantitativo),CHEMBL1817401,J Nat Prod (2011) [CHEMBL1811820]
B19,CHEMBL1442950,Vicenin-2,standard_value es nulo (sin valor cuantitativo),CHEMBL1817402,J Nat Prod (2011) [CHEMBL1811820]
B19,CHEMBL1442950,Vicenin-2,standard_value es nulo (sin valor cuantitativo),CHEMBL1817403,J Nat Prod (2011) [CHEMBL1811820]
B19,CHEMBL1442950,Vicenin-2,standard_value es nulo (sin valor cuantitativo),CHEMBL1816690,J Nat Prod (2011) [CHEMBL1811820]
B19,CHEMBL1442950,Vicenin-2,standard_value es nulo (sin valor cuantitativo),CHEMBL3124077,J Nat Prod (2014) [CHEMBL3120128]
B19,CHEMBL1442950,Vicenin-2,standard_value es nulo (sin valor cuantitativo),CHEMBL3124078,J Nat Prod (2014) [CHEMBL3120128]
B19,CHEMBL1442950,Vicenin-2,standard_value es nulo (sin valor cuantitativo),CHEMBL3124079,J Nat Prod (2014) [CHEMBL3120128]
B19,CHEMBL1442950,Vicenin-2,standard_value es nulo (sin valor cuantitativo),CHEMBL3124080,J Nat Prod (2014) [CHEMBL3120128]
B19,CHEMBL1442950,Vicenin-2,standard_value es nulo (sin valor cuantitativo),CHEMBL3124081,J Nat Prod (2014) [CHEMBL3120128]
B19,CHEMBL1442950,Vicenin-2,standard_value es nulo (sin valor cuantitativo),CHEMBL3124082,J Nat Prod (2014) [CHEMBL3120128]
B19,CHEMBL1442950,Vicenin-2,standard_value es nulo (sin valor cuantitativo),CHEMBL3124083,J Nat Prod (2014) [CHEMBL3120128]
B19,CHEMBL1442950,Vicenin-2,standard_value es nulo (sin valor cuantitativo),CHEMBL3124198,J Nat Prod (2014) [CHEMBL3120128]
B19,CHEMBL1442950,Vicenin-2,standard_value es nulo (sin valor cuantitativo),CHEMBL3124199,J Nat Prod (2014) [CHEMBL3120128]
B19,CHEMBL1442950,Vicenin-2,standard_value es nulo (sin valor cuantitativo),CHEMBL3124200,J Nat Prod (2014) [CHEMBL3120128]
B19,CHEMBL1442950,Vicenin-2,standard_value es nulo (sin valor cuantitativo),CHEMBL3124201,J Nat Prod (2014) [CHEMBL3120128]
B19,CHEMBL1442950,Vicenin-2,standard_value es nulo (sin valor cuantitativo),CHEMBL3124202,J Nat Prod (2014) [CHEMBL3120128]
B19,CHEMBL1442950,Vicenin-2,standard_value es nulo (sin valor cuantitativo),CHEMBL4142914,J Nat Prod (2017) [CHEMBL4138207]
B19,CHEMBL1442950,Vicenin-2,standard_value es nulo (sin valor cuantitativo),CHEMBL4142913,J Nat Prod (2017) [CHEMBL4138207]
B19,CHEMBL1442950,Vicenin-2,standard_value es nulo (sin valor cuantitativo),CHEMBL4142912,J Nat Prod (2017) [CHEMBL4138207]
B19,CHEMBL1442950,Vicenin-2,standard_value es nulo (sin valor cuantitativo),CHEMBL4142911,J Nat Prod (2017) [CHEMBL4138207]
B19,CHEMBL1442950,Vicenin-2,standard_value es nulo (sin valor cuantitativo),CHEMBL4142910,J Nat Prod (2017) [CHEMBL4138207]
B19,CHEMBL1442950,Vicenin-2,standard_value es nulo (sin valor cuantitativo),CHEMBL4142909,J Nat Prod (2017) [CHEMBL4138207]
B19,CHEMBL1442950,Vicenin-2,standard_value es nulo (sin valor cuantitativo),CHEMBL4142908,J Nat Prod (2017) [CHEMBL4138207]
B19,CHEMBL1442950,Vicenin-2,standard_value es nulo (sin valor cuantitativo),CHEMBL4142907,J Nat Prod (2017) [CHEMBL4138207]
B19,CHEMBL1442950,Vicenin-2,standard_value es nulo (sin valor cuantitativo),CHEMBL4142906,J Nat Prod (2017) [CHEMBL4138207]
B19,CHEMBL1442950,Vicenin-2,standard_value es nulo (sin valor cuantitativo),CHEMBL4142904,J Nat Prod (2017) [CHEMBL4138207]
B19,CHEMBL1442950,Vicenin-2,standard_value es nulo (sin valor cuantitativo),CHEMBL4142902,J Nat Prod (2017) [CHEMBL4138207]
B19,CHEMBL1442950,Vicenin-2,standard_value es nulo (sin valor cuantitativo),CHEMBL4142901,J Nat Prod (2017) [CHEMBL4138207]
B20,CHEMBL222021,"3,4-Dihydroxybenzaldehyde",standard_value es nulo (sin valor cuantitativo),CHEMBL965891,J Nat Prod (2004) [CHEMBL1148214]
B20,CHEMBL222021,"3,4-Dihydroxybenzaldehyde",standard_value es nulo (sin valor cuantitativo),CHEMBL1069536,Bioorg Med Chem (2010) [CHEMBL1157646]
B20,CHEMBL222021,"3,4-Dihydroxybenzaldehyde",standard_value es nulo (sin valor cuantitativo),CHEMBL3418127,Eur J Med Chem (2015) [CHEMBL3414459]
B20,CHEMBL222021,"3,4-Dihydroxybenzaldehyde",standard_value es nulo (sin valor cuantitativo),CHEMBL3580332,J Nat Prod (2015) [CHEMBL3576836]
B20,CHEMBL222021,"3,4-Dihydroxybenzaldehyde",standard_value es nulo (sin valor cuantitativo),CHEMBL3789859,Eur J Med Chem (2016) [CHEMBL3785074]
B20,CHEMBL222021,"3,4-Dihydroxybenzaldehyde",standard_value es nulo (sin valor cuantitativo),CHEMBL3877132,ACS Med Chem Lett (2017) [CHEMBL3875231]
B22,CHEMBL32749,Ferulic acid,standard_value es nulo (sin valor cuantitativo),CHEMBL749521,J Med Chem (1998) [CHEMBL1131595]
B22,CHEMBL32749,Ferulic acid,standard_value es nulo (sin valor cuantitativo),CHEMBL1032505,J Nat Prod (2001) [CHEMBL1137802]
B22,CHEMBL32749,Ferulic acid,standard_value es nulo (sin valor cuantitativo),CHEMBL1036024,J Nat Prod (2005) [CHEMBL1158827]
B22,CHEMBL32749,Ferulic acid,standard_value es nulo (sin valor cuantitativo),CHEMBL1110734,Bioorg Med Chem Lett (2009) [CHEMBL1156243]
B22,CHEMBL32749,Ferulic acid,standard_value es nulo (sin valor cuantitativo),CHEMBL1110735,Bioorg Med Chem Lett (2009) [CHEMBL1156243]
B22,CHEMBL32749,Ferulic acid,standard_value es nulo (sin valor cuantitativo),CHEMBL1768950,J Nat Prod (2011) [CHEMBL1764997]
B22,CHEMBL32749,Ferulic acid,standard_value es nulo (sin valor cuantitativo),CHEMBL1768951,J Nat Prod (2011) [CHEMBL1764997]
B22,CHEMBL32749,Ferulic acid,standard_value es nulo (sin valor cuantitativo),CHEMBL1768952,J Nat Prod (2011) [CHEMBL1764997]
B22,CHEMBL32749,Ferulic acid,standard_value es nulo (sin valor cuantitativo),CHEMBL1768949,J Nat Prod (2011) [CHEMBL1764997]
B22,CHEMBL32749,Ferulic acid,standard_value es nulo (sin valor cuantitativo),CHEMBL1804869,Bioorg Med Chem Lett (2011) [CHEMBL1799918]
B22,CHEMBL32749,Ferulic acid,standard_value es nulo (sin valor cuantitativo),CHEMBL1804868,Bioorg Med Chem Lett (2011) [CHEMBL1799918]
B22,CHEMBL32749,Ferulic acid,standard_value es nulo (sin valor cuantitativo),CHEMBL1909212,None (None) [CHEMBL1909046]
B22,CHEMBL32749,Ferulic acid,standard_value es nulo (sin valor cuantitativo),CHEMBL1909212,None (None) [CHEMBL1909046]
B22,CHEMBL32749,Ferulic acid,standard_value es nulo (sin valor cuantitativo),CHEMBL1909213,None (None) [CHEMBL1909046]
B22,CHEMBL32749,Ferulic acid,standard_value es nulo (sin valor cuantitativo),CHEMBL1909213,None (None) [CHEMBL1909046]
B22,CHEMBL32749,Ferulic acid,standard_value es nulo (sin valor cuantitativo),CHEMBL1909214,None (None) [CHEMBL1909046]
B22,CHEMBL32749,Ferulic acid,standard_value es nulo (sin valor cuantitativo),CHEMBL1909214,None (None) [CHEMBL1909046]
B22,CHEMBL32749,Ferulic acid,standard_value es nulo (sin valor cuantitativo),CHEMBL1909215,None (None) [CHEMBL1909046]
B22,CHEMBL32749,Ferulic acid,standard_value es nulo (sin valor cuantitativo),CHEMBL1909215,None (None) [CHEMBL1909046]
B22,CHEMBL32749,Ferulic acid,standard_value es nulo (sin valor cuantitativo),CHEMBL1909084,None (None) [CHEMBL1909046]
B22,CHEMBL32749,Ferulic acid,standard_value es nulo (sin valor cuantitativo),CHEMBL1909084,None (None) [CHEMBL1909046]
B22,CHEMBL32749,Ferulic acid,standard_value es nulo (sin valor cuantitativo),CHEMBL1909085,None (None) [CHEMBL1909046]
B22,CHEMBL32749,Ferulic acid,standard_value es nulo (sin valor cuantitativo),CHEMBL1909085,None (None) [CHEMBL1909046]
B22,CHEMBL32749,Ferulic acid,standard_value es nulo (sin valor cuantitativo),CHEMBL1909086,None (None) [CHEMBL1909046]
B22,CHEMBL32749,Ferulic acid,standard_value es nulo (sin valor cuantitativo),CHEMBL1909086,None (None) [CHEMBL1909046]
B22,CHEMBL32749,Ferulic acid,standard_value es nulo (sin valor cuantitativo),CHEMBL1909087,None (None) [CHEMBL1909046]
B22,CHEMBL32749,Ferulic acid,standard_value es nulo (sin valor cuantitativo),CHEMBL1909087,None (None) [CHEMBL1909046]
B22,CHEMBL32749,Ferulic acid,standard_value es nulo (sin valor cuantitativo),CHEMBL1909088,None (None) [CHEMBL1909046]
B22,CHEMBL32749,Ferulic acid,standard_value es nulo (sin valor cuantitativo),CHEMBL1909088,None (None) [CHEMBL1909046]
B22,CHEMBL32749,Ferulic acid,standard_value es nulo (sin valor cuantitativo),CHEMBL1909089,None (None) [CHEMBL1909046]
B22,CHEMBL32749,Ferulic acid,standard_value es nulo (sin valor cuantitativo),CHEMBL1909089,None (None) [CHEMBL1909046]
B22,CHEMBL32749,Ferulic acid,standard_value es nulo (sin valor cuantitativo),CHEMBL1909090,None (None) [CHEMBL1909046]
B22,CHEMBL32749,Ferulic acid,standard_value es nulo (sin valor cuantitativo),CHEMBL1909090,None (None) [CHEMBL1909046]
B22,CHEMBL32749,Ferulic acid,standard_value es nulo (sin valor cuantitativo),CHEMBL1909091,None (None) [CHEMBL1909046]
B22,CHEMBL32749,Ferulic acid,standard_value es nulo (sin valor cuantitativo),CHEMBL1909091,None (None) [CHEMBL1909046]
B22,CHEMBL32749,Ferulic acid,standard_value es nulo (sin valor cuantitativo),CHEMBL1909092,None (None) [CHEMBL1909046]
B22,CHEMBL32749,Ferulic acid,standard_value es nulo (sin valor cuantitativo),CHEMBL1909092,None (None) [CHEMBL1909046]
B22,CHEMBL32749,Ferulic acid,standard_value es nulo (sin valor cuantitativo),CHEMBL1909093,None (None) [CHEMBL1909046]
B22,CHEMBL32749,Ferulic acid,standard_value es nulo (sin valor cuantitativo),CHEMBL1909093,None (None) [CHEMBL1909046]
B22,CHEMBL32749,Ferulic acid,standard_value es nulo (sin valor cuantitativo),CHEMBL1909094,None (None) [CHEMBL1909046]
B22,CHEMBL32749,Ferulic acid,standard_value es nulo (sin valor cuantitativo),CHEMBL1909094,None (None) [CHEMBL1909046]
B22,CHEMBL32749,Ferulic acid,standard_value es nulo (sin valor cuantitativo),CHEMBL1909095,None (None) [CHEMBL1909046]
B22,CHEMBL32749,Ferulic acid,standard_value es nulo (sin valor cuantitativo),CHEMBL1909095,None (None) [CHEMBL1909046]
B22,CHEMBL32749,Ferulic acid,standard_value es nulo (sin valor cuantitativo),CHEMBL1909096,None (None) [CHEMBL1909046]
B22,CHEMBL32749,Ferulic acid,standard_value es nulo (sin valor cuantitativo),CHEMBL1909096,None (None) [CHEMBL1909046]
B22,CHEMBL32749,Ferulic acid,standard_value es nulo (sin valor cuantitativo),CHEMBL1909097,None (None) [CHEMBL1909046]
B22,CHEMBL32749,Ferulic acid,standard_value es nulo (sin valor cuantitativo),CHEMBL1909097,None (None) [CHEMBL1909046]
B22,CHEMBL32749,Ferulic acid,standard_value es nulo (sin valor cuantitativo),CHEMBL1909098,None (None) [CHEMBL1909046]
B22,CHEMBL32749,Ferulic acid,standard_value es nulo (sin valor cuantitativo),CHEMBL1909098,None (None) [CHEMBL1909046]
B22,CHEMBL32749,Ferulic acid,standard_value es nulo (sin valor cuantitativo),CHEMBL1909099,None (None) [CHEMBL1909046]
B22,CHEMBL32749,Ferulic acid,standard_value es nulo (sin valor cuantitativo),CHEMBL1909099,None (None) [CHEMBL1909046]
B22,CHEMBL32749,Ferulic acid,standard_value es nulo (sin valor cuantitativo),CHEMBL1909100,None (None) [CHEMBL1909046]
B22,CHEMBL32749,Ferulic acid,standard_value es nulo (sin valor cuantitativo),CHEMBL1909100,None (None) [CHEMBL1909046]
B22,CHEMBL32749,Ferulic acid,standard_value es nulo (sin valor cuantitativo),CHEMBL1909101,None (None) [CHEMBL1909046]
B22,CHEMBL32749,Ferulic acid,standard_value es nulo (sin valor cuantitativo),CHEMBL1909101,None (None) [CHEMBL1909046]
B22,CHEMBL32749,Ferulic acid,standard_value es nulo (sin valor cuantitativo),CHEMBL1909102,None (None) [CHEMBL1909046]
B22,CHEMBL32749,Ferulic acid,standard_value es nulo (sin valor cuantitativo),CHEMBL1909102,None (None) [CHEMBL1909046]
B22,CHEMBL32749,Ferulic acid,standard_value es nulo (sin valor cuantitativo),CHEMBL1909103,None (None) [CHEMBL1909046]
B22,CHEMBL32749,Ferulic acid,standard_value es nulo (sin valor cuantitativo),CHEMBL1909103,None (None) [CHEMBL1909046]
B22,CHEMBL32749,Ferulic acid,standard_value es nulo (sin valor cuantitativo),CHEMBL1909121,None (None) [CHEMBL1909046]
B22,CHEMBL32749,Ferulic acid,standard_value es nulo (sin valor cuantitativo),CHEMBL1909121,None (None) [CHEMBL1909046]
B22,CHEMBL32749,Ferulic acid,standard_value es nulo (sin valor cuantitativo),CHEMBL1909122,None (None) [CHEMBL1909046]
B22,CHEMBL32749,Ferulic acid,standard_value es nulo (sin valor cuantitativo),CHEMBL1909122,None (None) [CHEMBL1909046]
B22,CHEMBL32749,Ferulic acid,standard_value es nulo (sin valor cuantitativo),CHEMBL1909123,None (None) [CHEMBL1909046]
B22,CHEMBL32749,Ferulic acid,standard_value es nulo (sin valor cuantitativo),CHEMBL1909123,None (None) [CHEMBL1909046]
B22,CHEMBL32749,Ferulic acid,standard_value es nulo (sin valor cuantitativo),CHEMBL1909124,None (None) [CHEMBL1909046]
B22,CHEMBL32749,Ferulic acid,standard_value es nulo (sin valor cuantitativo),CHEMBL1909124,None (None) [CHEMBL1909046]
B22,CHEMBL32749,Ferulic acid,standard_value es nulo (sin valor cuantitativo),CHEMBL1909125,None (None) [CHEMBL1909046]
B22,CHEMBL32749,Ferulic acid,standard_value es nulo (sin valor cuantitativo),CHEMBL1909125,None (None) [CHEMBL1909046]
B22,CHEMBL32749,Ferulic acid,standard_value es nulo (sin valor cuantitativo),CHEMBL1909126,None (None) [CHEMBL1909046]
B22,CHEMBL32749,Ferulic acid,standard_value es nulo (sin valor cuantitativo),CHEMBL1909126,None (None) [CHEMBL1909046]
B22,CHEMBL32749,Ferulic acid,standard_value es nulo (sin valor cuantitativo),CHEMBL1909127,None (None) [CHEMBL1909046]
B22,CHEMBL32749,Ferulic acid,standard_value es nulo (sin valor cuantitativo),CHEMBL1909127,None (None) [CHEMBL1909046]
B22,CHEMBL32749,Ferulic acid,standard_value es nulo (sin valor cuantitativo),CHEMBL1909128,None (None) [CHEMBL1909046]
B22,CHEMBL32749,Ferulic acid,standard_value es nulo (sin valor cuantitativo),CHEMBL1909128,None (None) [CHEMBL1909046]
B22,CHEMBL32749,Ferulic acid,standard_value es nulo (sin valor cuantitativo),CHEMBL1909129,None (None) [CHEMBL1909046]
B22,CHEMBL32749,Ferulic acid,standard_value es nulo (sin valor cuantitativo),CHEMBL1909129,None (None) [CHEMBL1909046]
B22,CHEMBL32749,Ferulic acid,standard_value es nulo (sin valor cuantitativo),CHEMBL1909130,None (None) [CHEMBL1909046]
B22,CHEMBL32749,Ferulic acid,standard_value es nulo (sin valor cuantitativo),CHEMBL1909130,None (None) [CHEMBL1909046]
B22,CHEMBL32749,Ferulic acid,standard_value es nulo (sin valor cuantitativo),CHEMBL1909131,None (None) [CHEMBL1909046]
B22,CHEMBL32749,Ferulic acid,standard_value es nulo (sin valor cuantitativo),CHEMBL1909131,None (None) [CHEMBL1909046]
B22,CHEMBL32749,Ferulic acid,standard_value es nulo (sin valor cuantitativo),CHEMBL1909132,None (None) [CHEMBL1909046]
B22,CHEMBL32749,Ferulic acid,standard_value es nulo (sin valor cuantitativo),CHEMBL1909132,None (None) [CHEMBL1909046]
B22,CHEMBL32749,Ferulic acid,standard_value es nulo (sin valor cuantitativo),CHEMBL1909133,None (None) [CHEMBL1909046]
B22,CHEMBL32749,Ferulic acid,standard_value es nulo (sin valor cuantitativo),CHEMBL1909133,None (None) [CHEMBL1909046]
B22,CHEMBL32749,Ferulic acid,standard_value es nulo (sin valor cuantitativo),CHEMBL1909134,None (None) [CHEMBL1909046]
B22,CHEMBL32749,Ferulic acid,standard_value es nulo (sin valor cuantitativo),CHEMBL1909134,None (None) [CHEMBL1909046]
B22,CHEMBL32749,Ferulic acid,standard_value es nulo (sin valor cuantitativo),CHEMBL1909135,None (None) [CHEMBL1909046]
B22,CHEMBL32749,Ferulic acid,standard_value es nulo (sin valor cuantitativo),CHEMBL1909135,None (None) [CHEMBL1909046]
B22,CHEMBL32749,Ferulic acid,standard_value es nulo (sin valor cuantitativo),CHEMBL1909136,None (None) [CHEMBL1909046]
B22,CHEMBL32749,Ferulic acid,standard_value es nulo (sin valor cuantitativo),CHEMBL1909136,None (None) [CHEMBL1909046]
B22,CHEMBL32749,Ferulic acid,standard_value es nulo (sin valor cuantitativo),CHEMBL1909137,None (None) [CHEMBL1909046]
B22,CHEMBL32749,Ferulic acid,standard_value es nulo (sin valor cuantitativo),CHEMBL1909137,None (None) [CHEMBL1909046]
B22,CHEMBL32749,Ferulic acid,standard_value es nulo (sin valor cuantitativo),CHEMBL1909138,None (None) [CHEMBL1909046]
B22,CHEMBL32749,Ferulic acid,standard_value es nulo (sin valor cuantitativo),CHEMBL1909138,None (None) [CHEMBL1909046]
B22,CHEMBL32749,Ferulic acid,standard_value es nulo (sin valor cuantitativo),CHEMBL1909139,None (None) [CHEMBL1909046]
B22,CHEMBL32749,Ferulic acid,standard_value es nulo (sin valor cuantitativo),CHEMBL1909139,None (None) [CHEMBL1909046]
B22,CHEMBL32749,Ferulic acid,standard_value es nulo (sin valor cuantitativo),CHEMBL1909140,None (None) [CHEMBL1909046]
B22,CHEMBL32749,Ferulic acid,standard_value es nulo (sin valor cuantitativo),CHEMBL1909140,None (None) [CHEMBL1909046]
B22,CHEMBL32749,Ferulic acid,standard_value es nulo (sin valor cuantitativo),CHEMBL1909141,None (None) [CHEMBL1909046]
B22,CHEMBL32749,Ferulic acid,standard_value es nulo (sin valor cuantitativo),CHEMBL1909141,None (None) [CHEMBL1909046]
B22,CHEMBL32749,Ferulic acid,standard_value es nulo (sin valor cuantitativo),CHEMBL1909142,None (None) [CHEMBL1909046]
B22,CHEMBL32749,Ferulic acid,standard_value es nulo (sin valor cuantitativo),CHEMBL1909142,None (None) [CHEMBL1909046]
B22,CHEMBL32749,Ferulic acid,standard_value es nulo (sin valor cuantitativo),CHEMBL1909143,None (None) [CHEMBL1909046]
B22,CHEMBL32749,Ferulic acid,standard_value es nulo (sin valor cuantitativo),CHEMBL1909143,None (None) [CHEMBL1909046]
B22,CHEMBL32749,Ferulic acid,standard_value es nulo (sin valor cuantitativo),CHEMBL1909144,None (None) [CHEMBL1909046]
B22,CHEMBL32749,Ferulic acid,standard_value es nulo (sin valor cuantitativo),CHEMBL1909144,None (None) [CHEMBL1909046]
B22,CHEMBL32749,Ferulic acid,standard_value es nulo (sin valor cuantitativo),CHEMBL1909145,None (None) [CHEMBL1909046]
B22,CHEMBL32749,Ferulic acid,standard_value es nulo (sin valor cuantitativo),CHEMBL1909145,None (None) [CHEMBL1909046]
B22,CHEMBL32749,Ferulic acid,standard_value es nulo (sin valor cuantitativo),CHEMBL1909146,None (None) [CHEMBL1909046]
B22,CHEMBL32749,Ferulic acid,standard_value es nulo (sin valor cuantitativo),CHEMBL1909146,None (None) [CHEMBL1909046]
B22,CHEMBL32749,Ferulic acid,standard_value es nulo (sin valor cuantitativo),CHEMBL1909147,None (None) [CHEMBL1909046]
B22,CHEMBL32749,Ferulic acid,standard_value es nulo (sin valor cuantitativo),CHEMBL1909147,None (None) [CHEMBL1909046]
B22,CHEMBL32749,Ferulic acid,standard_value es nulo (sin valor cuantitativo),CHEMBL1909148,None (None) [CHEMBL1909046]
B22,CHEMBL32749,Ferulic acid,standard_value es nulo (sin valor cuantitativo),CHEMBL1909148,None (None) [CHEMBL1909046]
B22,CHEMBL32749,Ferulic acid,standard_value es nulo (sin valor cuantitativo),CHEMBL1909149,None (None) [CHEMBL1909046]
B22,CHEMBL32749,Ferulic acid,standard_value es nulo (sin valor cuantitativo),CHEMBL1909149,None (None) [CHEMBL1909046]
B22,CHEMBL32749,Ferulic acid,standard_value es nulo (sin valor cuantitativo),CHEMBL1909150,None (None) [CHEMBL1909046]
B22,CHEMBL32749,Ferulic acid,standard_value es nulo (sin valor cuantitativo),CHEMBL1909150,None (None) [CHEMBL1909046]
B22,CHEMBL32749,Ferulic acid,standard_value es nulo (sin valor cuantitativo),CHEMBL1909151,None (None) [CHEMBL1909046]
B22,CHEMBL32749,Ferulic acid,standard_value es nulo (sin valor cuantitativo),CHEMBL1909151,None (None) [CHEMBL1909046]
B22,CHEMBL32749,Ferulic acid,standard_value es nulo (sin valor cuantitativo),CHEMBL1909152,None (None) [CHEMBL1909046]
B22,CHEMBL32749,Ferulic acid,standard_value es nulo (sin valor cuantitativo),CHEMBL1909152,None (None) [CHEMBL1909046]
B22,CHEMBL32749,Ferulic acid,standard_value es nulo (sin valor cuantitativo),CHEMBL1909153,None (None) [CHEMBL1909046]
B22,CHEMBL32749,Ferulic acid,standard_value es nulo (sin valor cuantitativo),CHEMBL1909153,None (None) [CHEMBL1909046]
B22,CHEMBL32749,Ferulic acid,standard_value es nulo (sin valor cuantitativo),CHEMBL1909154,None (None) [CHEMBL1909046]
B22,CHEMBL32749,Ferulic acid,standard_value es nulo (sin valor cuantitativo),CHEMBL1909154,None (None) [CHEMBL1909046]
B22,CHEMBL32749,Ferulic acid,standard_value es nulo (sin valor cuantitativo),CHEMBL1909155,None (None) [CHEMBL1909046]
B22,CHEMBL32749,Ferulic acid,standard_value es nulo (sin valor cuantitativo),CHEMBL1909155,None (None) [CHEMBL1909046]
B22,CHEMBL32749,Ferulic acid,standard_value es nulo (sin valor cuantitativo),CHEMBL1909156,None (None) [CHEMBL1909046]
B22,CHEMBL32749,Ferulic acid,standard_value es nulo (sin valor cuantitativo),CHEMBL1909156,None (None) [CHEMBL1909046]
B22,CHEMBL32749,Ferulic acid,standard_value es nulo (sin valor cuantitativo),CHEMBL1909157,None (None) [CHEMBL1909046]
B22,CHEMBL32749,Ferulic acid,standard_value es nulo (sin valor cuantitativo),CHEMBL1909157,None (None) [CHEMBL1909046]
B22,CHEMBL32749,Ferulic acid,standard_value es nulo (sin valor cuantitativo),CHEMBL1909158,None (None) [CHEMBL1909046]
B22,CHEMBL32749,Ferulic acid,standard_value es nulo (sin valor cuantitativo),CHEMBL1909158,None (None) [CHEMBL1909046]
B22,CHEMBL32749,Ferulic acid,standard_value es nulo (sin valor cuantitativo),CHEMBL1909159,None (None) [CHEMBL1909046]
B22,CHEMBL32749,Ferulic acid,standard_value es nulo (sin valor cuantitativo),CHEMBL1909159,None (None) [CHEMBL1909046]
B22,CHEMBL32749,Ferulic acid,standard_value es nulo (sin valor cuantitativo),CHEMBL1909160,None (None) [CHEMBL1909046]
B22,CHEMBL32749,Ferulic acid,standard_value es nulo (sin valor cuantitativo),CHEMBL1909160,None (None) [CHEMBL1909046]
B22,CHEMBL32749,Ferulic acid,standard_value es nulo (sin valor cuantitativo),CHEMBL1909161,None (None) [CHEMBL1909046]
B22,CHEMBL32749,Ferulic acid,standard_value es nulo (sin valor cuantitativo),CHEMBL1909161,None (None) [CHEMBL1909046]
B22,CHEMBL32749,Ferulic acid,standard_value es nulo (sin valor cuantitativo),CHEMBL1909162,None (None) [CHEMBL1909046]
B22,CHEMBL32749,Ferulic acid,standard_value es nulo (sin valor cuantitativo),CHEMBL1909162,None (None) [CHEMBL1909046]
B22,CHEMBL32749,Ferulic acid,standard_value es nulo (sin valor cuantitativo),CHEMBL1909163,None (None) [CHEMBL1909046]
B22,CHEMBL32749,Ferulic acid,standard_value es nulo (sin valor cuantitativo),CHEMBL1909163,None (None) [CHEMBL1909046]
B22,CHEMBL32749,Ferulic acid,standard_value es nulo (sin valor cuantitativo),CHEMBL1909164,None (None) [CHEMBL1909046]
B22,CHEMBL32749,Ferulic acid,standard_value es nulo (sin valor cuantitativo),CHEMBL1909164,None (None) [CHEMBL1909046]
B22,CHEMBL32749,Ferulic acid,standard_value es nulo (sin valor cuantitativo),CHEMBL1909165,None (None) [CHEMBL1909046]
B22,CHEMBL32749,Ferulic acid,standard_value es nulo (sin valor cuantitativo),CHEMBL1909166,None (None) [CHEMBL1909046]
B22,CHEMBL32749,Ferulic acid,standard_value es nulo (sin valor cuantitativo),CHEMBL1909166,None (None) [CHEMBL1909046]
B22,CHEMBL32749,Ferulic acid,standard_value es nulo (sin valor cuantitativo),CHEMBL1909167,None (None) [CHEMBL1909046]
B22,CHEMBL32749,Ferulic acid,standard_value es nulo (sin valor cuantitativo),CHEMBL1909167,None (None) [CHEMBL1909046]
B22,CHEMBL32749,Ferulic acid,standard_value es nulo (sin valor cuantitativo),CHEMBL1909168,None (None) [CHEMBL1909046]
B22,CHEMBL32749,Ferulic acid,standard_value es nulo (sin valor cuantitativo),CHEMBL1909168,None (None) [CHEMBL1909046]
B22,CHEMBL32749,Ferulic acid,standard_value es nulo (sin valor cuantitativo),CHEMBL1909169,None (None) [CHEMBL1909046]
B22,CHEMBL32749,Ferulic acid,standard_value es nulo (sin valor cuantitativo),CHEMBL1909169,None (None) [CHEMBL1909046]
B22,CHEMBL32749,Ferulic acid,standard_value es nulo (sin valor cuantitativo),CHEMBL1909170,None (None) [CHEMBL1909046]
B22,CHEMBL32749,Ferulic acid,standard_value es nulo (sin valor cuantitativo),CHEMBL1909170,None (None) [CHEMBL1909046]
B22,CHEMBL32749,Ferulic acid,standard_value es nulo (sin valor cuantitativo),CHEMBL1909171,None (None) [CHEMBL1909046]
B22,CHEMBL32749,Ferulic acid,standard_value es nulo (sin valor cuantitativo),CHEMBL1909171,None (None) [CHEMBL1909046]
B22,CHEMBL32749,Ferulic acid,standard_value es nulo (sin valor cuantitativo),CHEMBL1909172,None (None) [CHEMBL1909046]
B22,CHEMBL32749,Ferulic acid,standard_value es nulo (sin valor cuantitativo),CHEMBL1909172,None (None) [CHEMBL1909046]
B22,CHEMBL32749,Ferulic acid,standard_value es nulo (sin valor cuantitativo),CHEMBL1909173,None (None) [CHEMBL1909046]
B22,CHEMBL32749,Ferulic acid,standard_value es nulo (sin valor cuantitativo),CHEMBL1909173,None (None) [CHEMBL1909046]
B22,CHEMBL32749,Ferulic acid,standard_value es nulo (sin valor cuantitativo),CHEMBL1909174,None (None) [CHEMBL1909046]
B22,CHEMBL32749,Ferulic acid,standard_value es nulo (sin valor cuantitativo),CHEMBL1909174,None (None) [CHEMBL1909046]
B22,CHEMBL32749,Ferulic acid,standard_value es nulo (sin valor cuantitativo),CHEMBL1909175,None (None) [CHEMBL1909046]
B22,CHEMBL32749,Ferulic acid,standard_value es nulo (sin valor cuantitativo),CHEMBL1909175,None (None) [CHEMBL1909046]
B22,CHEMBL32749,Ferulic acid,standard_value es nulo (sin valor cuantitativo),CHEMBL1909176,None (None) [CHEMBL1909046]
B22,CHEMBL32749,Ferulic acid,standard_value es nulo (sin valor cuantitativo),CHEMBL1909176,None (None) [CHEMBL1909046]
B22,CHEMBL32749,Ferulic acid,standard_value es nulo (sin valor cuantitativo),CHEMBL1909177,None (None) [CHEMBL1909046]
B22,CHEMBL32749,Ferulic acid,standard_value es nulo (sin valor cuantitativo),CHEMBL1909177,None (None) [CHEMBL1909046]
B22,CHEMBL32749,Ferulic acid,standard_value es nulo (sin valor cuantitativo),CHEMBL1909178,None (None) [CHEMBL1909046]
B22,CHEMBL32749,Ferulic acid,standard_value es nulo (sin valor cuantitativo),CHEMBL1909178,None (None) [CHEMBL1909046]
B22,CHEMBL32749,Ferulic acid,standard_value es nulo (sin valor cuantitativo),CHEMBL1909179,None (None) [CHEMBL1909046]
B22,CHEMBL32749,Ferulic acid,standard_value es nulo (sin valor cuantitativo),CHEMBL1909179,None (None) [CHEMBL1909046]
B22,CHEMBL32749,Ferulic acid,standard_value es nulo (sin valor cuantitativo),CHEMBL1909180,None (None) [CHEMBL1909046]
B22,CHEMBL32749,Ferulic acid,standard_value es nulo (sin valor cuantitativo),CHEMBL1909180,None (None) [CHEMBL1909046]
B22,CHEMBL32749,Ferulic acid,standard_value es nulo (sin valor cuantitativo),CHEMBL1909181,None (None) [CHEMBL1909046]
B22,CHEMBL32749,Ferulic acid,standard_value es nulo (sin valor cuantitativo),CHEMBL1909181,None (None) [CHEMBL1909046]
B22,CHEMBL32749,Ferulic acid,standard_value es nulo (sin valor cuantitativo),CHEMBL1909182,None (None) [CHEMBL1909046]
B22,CHEMBL32749,Ferulic acid,standard_value es nulo (sin valor cuantitativo),CHEMBL1909182,None (None) [CHEMBL1909046]
B22,CHEMBL32749,Ferulic acid,standard_value es nulo (sin valor cuantitativo),CHEMBL1909183,None (None) [CHEMBL1909046]
B22,CHEMBL32749,Ferulic acid,standard_value es nulo (sin valor cuantitativo),CHEMBL1909183,None (None) [CHEMBL1909046]
B22,CHEMBL32749,Ferulic acid,standard_value es nulo (sin valor cuantitativo),CHEMBL1909184,None (None) [CHEMBL1909046]
B22,CHEMBL32749,Ferulic acid,standard_value es nulo (sin valor cuantitativo),CHEMBL1909184,None (None) [CHEMBL1909046]
B22,CHEMBL32749,Ferulic acid,standard_value es nulo (sin valor cuantitativo),CHEMBL1909185,None (None) [CHEMBL1909046]
B22,CHEMBL32749,Ferulic acid,standard_value es nulo (sin valor cuantitativo),CHEMBL1909185,None (None) [CHEMBL1909046]
B22,CHEMBL32749,Ferulic acid,standard_value es nulo (sin valor cuantitativo),CHEMBL1909186,None (None) [CHEMBL1909046]
B22,CHEMBL32749,Ferulic acid,standard_value es nulo (sin valor cuantitativo),CHEMBL1909186,None (None) [CHEMBL1909046]
B22,CHEMBL32749,Ferulic acid,standard_value es nulo (sin valor cuantitativo),CHEMBL1909187,None (None) [CHEMBL1909046]
B22,CHEMBL32749,Ferulic acid,standard_value es nulo (sin valor cuantitativo),CHEMBL1909187,None (None) [CHEMBL1909046]
B22,CHEMBL32749,Ferulic acid,standard_value es nulo (sin valor cuantitativo),CHEMBL1909188,None (None) [CHEMBL1909046]
B22,CHEMBL32749,Ferulic acid,standard_value es nulo (sin valor cuantitativo),CHEMBL1909188,None (None) [CHEMBL1909046]
B22,CHEMBL32749,Ferulic acid,standard_value es nulo (sin valor cuantitativo),CHEMBL1909189,None (None) [CHEMBL1909046]
B22,CHEMBL32749,Ferulic acid,standard_value es nulo (sin valor cuantitativo),CHEMBL1909189,None (None) [CHEMBL1909046]
B22,CHEMBL32749,Ferulic acid,standard_value es nulo (sin valor cuantitativo),CHEMBL1909190,None (None) [CHEMBL1909046]
B22,CHEMBL32749,Ferulic acid,standard_value es nulo (sin valor cuantitativo),CHEMBL1909190,None (None) [CHEMBL1909046]
B22,CHEMBL32749,Ferulic acid,standard_value es nulo (sin valor cuantitativo),CHEMBL1909191,None (None) [CHEMBL1909046]
B22,CHEMBL32749,Ferulic acid,standard_value es nulo (sin valor cuantitativo),CHEMBL1909191,None (None) [CHEMBL1909046]
B22,CHEMBL32749,Ferulic acid,standard_value es nulo (sin valor cuantitativo),CHEMBL1909192,None (None) [CHEMBL1909046]
B22,CHEMBL32749,Ferulic acid,standard_value es nulo (sin valor cuantitativo),CHEMBL1909192,None (None) [CHEMBL1909046]
B22,CHEMBL32749,Ferulic acid,standard_value es nulo (sin valor cuantitativo),CHEMBL1909193,None (None) [CHEMBL1909046]
B22,CHEMBL32749,Ferulic acid,standard_value es nulo (sin valor cuantitativo),CHEMBL1909193,None (None) [CHEMBL1909046]
B22,CHEMBL32749,Ferulic acid,standard_value es nulo (sin valor cuantitativo),CHEMBL1909194,None (None) [CHEMBL1909046]
B22,CHEMBL32749,Ferulic acid,standard_value es nulo (sin valor cuantitativo),CHEMBL1909194,None (None) [CHEMBL1909046]
B22,CHEMBL32749,Ferulic acid,standard_value es nulo (sin valor cuantitativo),CHEMBL1909195,None (None) [CHEMBL1909046]
B22,CHEMBL32749,Ferulic acid,standard_value es nulo (sin valor cuantitativo),CHEMBL1909195,None (None) [CHEMBL1909046]
B22,CHEMBL32749,Ferulic acid,standard_value es nulo (sin valor cuantitativo),CHEMBL1909196,None (None) [CHEMBL1909046]
B22,CHEMBL32749,Ferulic acid,standard_value es nulo (sin valor cuantitativo),CHEMBL1909196,None (None) [CHEMBL1909046]
B22,CHEMBL32749,Ferulic acid,standard_value es nulo (sin valor cuantitativo),CHEMBL1909197,None (None) [CHEMBL1909046]
B22,CHEMBL32749,Ferulic acid,standard_value es nulo (sin valor cuantitativo),CHEMBL1909197,None (None) [CHEMBL1909046]
B22,CHEMBL32749,Ferulic acid,standard_value es nulo (sin valor cuantitativo),CHEMBL1909198,None (None) [CHEMBL1909046]
B22,CHEMBL32749,Ferulic acid,standard_value es nulo (sin valor cuantitativo),CHEMBL1909198,None (None) [CHEMBL1909046]
B22,CHEMBL32749,Ferulic acid,standard_value es nulo (sin valor cuantitativo),CHEMBL1909199,None (None) [CHEMBL1909046]
B22,CHEMBL32749,Ferulic acid,standard_value es nulo (sin valor cuantitativo),CHEMBL1909199,None (None) [CHEMBL1909046]
B22,CHEMBL32749,Ferulic acid,standard_value es nulo (sin valor cuantitativo),CHEMBL1909200,None (None) [CHEMBL1909046]
B22,CHEMBL32749,Ferulic acid,standard_value es nulo (sin valor cuantitativo),CHEMBL1909200,None (None) [CHEMBL1909046]
B22,CHEMBL32749,Ferulic acid,standard_value es nulo (sin valor cuantitativo),CHEMBL1909201,None (None) [CHEMBL1909046]
B22,CHEMBL32749,Ferulic acid,standard_value es nulo (sin valor cuantitativo),CHEMBL1909201,None (None) [CHEMBL1909046]
B22,CHEMBL32749,Ferulic acid,standard_value es nulo (sin valor cuantitativo),CHEMBL1909202,None (None) [CHEMBL1909046]
B22,CHEMBL32749,Ferulic acid,standard_value es nulo (sin valor cuantitativo),CHEMBL1909202,None (None) [CHEMBL1909046]
B22,CHEMBL32749,Ferulic acid,standard_value es nulo (sin valor cuantitativo),CHEMBL1909203,None (None) [CHEMBL1909046]
B22,CHEMBL32749,Ferulic acid,standard_value es nulo (sin valor cuantitativo),CHEMBL1909203,None (None) [CHEMBL1909046]
B22,CHEMBL32749,Ferulic acid,standard_value es nulo (sin valor cuantitativo),CHEMBL1909204,None (None) [CHEMBL1909046]
B22,CHEMBL32749,Ferulic acid,standard_value es nulo (sin valor cuantitativo),CHEMBL1909204,None (None) [CHEMBL1909046]
B22,CHEMBL32749,Ferulic acid,standard_value es nulo (sin valor cuantitativo),CHEMBL1909205,None (None) [CHEMBL1909046]
B22,CHEMBL32749,Ferulic acid,standard_value es nulo (sin valor cuantitativo),CHEMBL1909205,None (None) [CHEMBL1909046]
B22,CHEMBL32749,Ferulic acid,standard_value es nulo (sin valor cuantitativo),CHEMBL1909206,None (None) [CHEMBL1909046]
B22,CHEMBL32749,Ferulic acid,standard_value es nulo (sin valor cuantitativo),CHEMBL1909206,None (None) [CHEMBL1909046]
B22,CHEMBL32749,Ferulic acid,standard_value es nulo (sin valor cuantitativo),CHEMBL1909207,None (None) [CHEMBL1909046]
B22,CHEMBL32749,Ferulic acid,standard_value es nulo (sin valor cuantitativo),CHEMBL1909207,None (None) [CHEMBL1909046]
B22,CHEMBL32749,Ferulic acid,standard_value es nulo (sin valor cuantitativo),CHEMBL1909208,None (None) [CHEMBL1909046]
B22,CHEMBL32749,Ferulic acid,standard_value es nulo (sin valor cuantitativo),CHEMBL1909208,None (None) [CHEMBL1909046]
B22,CHEMBL32749,Ferulic acid,standard_value es nulo (sin valor cuantitativo),CHEMBL1909209,None (None) [CHEMBL1909046]
B22,CHEMBL32749,Ferulic acid,standard_value es nulo (sin valor cuantitativo),CHEMBL1909209,None (None) [CHEMBL1909046]
B22,CHEMBL32749,Ferulic acid,standard_value es nulo (sin valor cuantitativo),CHEMBL1909210,None (None) [CHEMBL1909046]
B22,CHEMBL32749,Ferulic acid,standard_value es nulo (sin valor cuantitativo),CHEMBL1909210,None (None) [CHEMBL1909046]
B22,CHEMBL32749,Ferulic acid,standard_value es nulo (sin valor cuantitativo),CHEMBL1909211,None (None) [CHEMBL1909046]
B22,CHEMBL32749,Ferulic acid,standard_value es nulo (sin valor cuantitativo),CHEMBL1909211,None (None) [CHEMBL1909046]
B22,CHEMBL32749,Ferulic acid,standard_value es nulo (sin valor cuantitativo),CHEMBL1909104,None (None) [CHEMBL1909046]
B22,CHEMBL32749,Ferulic acid,standard_value es nulo (sin valor cuantitativo),CHEMBL1909104,None (None) [CHEMBL1909046]
B22,CHEMBL32749,Ferulic acid,standard_value es nulo (sin valor cuantitativo),CHEMBL1909105,None (None) [CHEMBL1909046]
B22,CHEMBL32749,Ferulic acid,standard_value es nulo (sin valor cuantitativo),CHEMBL1909105,None (None) [CHEMBL1909046]
B22,CHEMBL32749,Ferulic acid,standard_value es nulo (sin valor cuantitativo),CHEMBL1909106,None (None) [CHEMBL1909046]
B22,CHEMBL32749,Ferulic acid,standard_value es nulo (sin valor cuantitativo),CHEMBL1909106,None (None) [CHEMBL1909046]
B22,CHEMBL32749,Ferulic acid,standard_value es nulo (sin valor cuantitativo),CHEMBL1909107,None (None) [CHEMBL1909046]
B22,CHEMBL32749,Ferulic acid,standard_value es nulo (sin valor cuantitativo),CHEMBL1909107,None (None) [CHEMBL1909046]
B22,CHEMBL32749,Ferulic acid,standard_value es nulo (sin valor cuantitativo),CHEMBL1909108,None (None) [CHEMBL1909046]
B22,CHEMBL32749,Ferulic acid,standard_value es nulo (sin valor cuantitativo),CHEMBL1909108,None (None) [CHEMBL1909046]
B22,CHEMBL32749,Ferulic acid,standard_value es nulo (sin valor cuantitativo),CHEMBL1909109,None (None) [CHEMBL1909046]
B22,CHEMBL32749,Ferulic acid,standard_value es nulo (sin valor cuantitativo),CHEMBL1909109,None (None) [CHEMBL1909046]
B22,CHEMBL32749,Ferulic acid,standard_value es nulo (sin valor cuantitativo),CHEMBL1909110,None (None) [CHEMBL1909046]
B22,CHEMBL32749,Ferulic acid,standard_value es nulo (sin valor cuantitativo),CHEMBL1909110,None (None) [CHEMBL1909046]
B22,CHEMBL32749,Ferulic acid,standard_value es nulo (sin valor cuantitativo),CHEMBL1909111,None (None) [CHEMBL1909046]
B22,CHEMBL32749,Ferulic acid,standard_value es nulo (sin valor cuantitativo),CHEMBL1909111,None (None) [CHEMBL1909046]
B22,CHEMBL32749,Ferulic acid,standard_value es nulo (sin valor cuantitativo),CHEMBL1909112,None (None) [CHEMBL1909046]
B22,CHEMBL32749,Ferulic acid,standard_value es nulo (sin valor cuantitativo),CHEMBL1909112,None (None) [CHEMBL1909046]
B22,CHEMBL32749,Ferulic acid,standard_value es nulo (sin valor cuantitativo),CHEMBL1909113,None (None) [CHEMBL1909046]
B22,CHEMBL32749,Ferulic acid,standard_value es nulo (sin valor cuantitativo),CHEMBL1909113,None (None) [CHEMBL1909046]
B22,CHEMBL32749,Ferulic acid,standard_value es nulo (sin valor cuantitativo),CHEMBL1909114,None (None) [CHEMBL1909046]
B22,CHEMBL32749,Ferulic acid,standard_value es nulo (sin valor cuantitativo),CHEMBL1909114,None (None) [CHEMBL1909046]
B22,CHEMBL32749,Ferulic acid,standard_value es nulo (sin valor cuantitativo),CHEMBL1909115,None (None) [CHEMBL1909046]
B22,CHEMBL32749,Ferulic acid,standard_value es nulo (sin valor cuantitativo),CHEMBL1909115,None (None) [CHEMBL1909046]
B22,CHEMBL32749,Ferulic acid,standard_value es nulo (sin valor cuantitativo),CHEMBL1909116,None (None) [CHEMBL1909046]
B22,CHEMBL32749,Ferulic acid,standard_value es nulo (sin valor cuantitativo),CHEMBL1909116,None (None) [CHEMBL1909046]
B22,CHEMBL32749,Ferulic acid,standard_value es nulo (sin valor cuantitativo),CHEMBL1909117,None (None) [CHEMBL1909046]
B22,CHEMBL32749,Ferulic acid,standard_value es nulo (sin valor cuantitativo),CHEMBL1909117,None (None) [CHEMBL1909046]
B22,CHEMBL32749,Ferulic acid,standard_value es nulo (sin valor cuantitativo),CHEMBL1909118,None (None) [CHEMBL1909046]
B22,CHEMBL32749,Ferulic acid,standard_value es nulo (sin valor cuantitativo),CHEMBL1909118,None (None) [CHEMBL1909046]
B22,CHEMBL32749,Ferulic acid,standard_value es nulo (sin valor cuantitativo),CHEMBL1909119,None (None) [CHEMBL1909046]
B22,CHEMBL32749,Ferulic acid,standard_value es nulo (sin valor cuantitativo),CHEMBL1909119,None (None) [CHEMBL1909046]
B22,CHEMBL32749,Ferulic acid,standard_value es nulo (sin valor cuantitativo),CHEMBL1909120,None (None) [CHEMBL1909046]
B22,CHEMBL32749,Ferulic acid,standard_value es nulo (sin valor cuantitativo),CHEMBL1909120,None (None) [CHEMBL1909046]
B22,CHEMBL32749,Ferulic acid,standard_value es nulo (sin valor cuantitativo),CHEMBL1931048,Bioorg Med Chem (2011) [CHEMBL1926506]
B22,CHEMBL32749,Ferulic acid,standard_value es nulo (sin valor cuantitativo),CHEMBL1931050,Bioorg Med Chem (2011) [CHEMBL1926506]
B22,CHEMBL32749,Ferulic acid,standard_value es nulo (sin valor cuantitativo),CHEMBL2045322,Eur J Med Chem (2011) [CHEMBL2040752]
B22,CHEMBL32749,Ferulic acid,standard_value es nulo (sin valor cuantitativo),CHEMBL2045323,Eur J Med Chem (2011) [CHEMBL2040752]
B22,CHEMBL32749,Ferulic acid,standard_value es nulo (sin valor cuantitativo),CHEMBL3049997,J Agric Food Chem (2011) [CHEMBL3045143]
B22,CHEMBL32749,Ferulic acid,standard_value es nulo (sin valor cuantitativo),CHEMBL3049998,J Agric Food Chem (2011) [CHEMBL3045143]
B22,CHEMBL32749,Ferulic acid,standard_value es nulo (sin valor cuantitativo),CHEMBL3050303,J Agric Food Chem (2011) [CHEMBL3045143]
B22,CHEMBL32749,Ferulic acid,standard_value es nulo (sin valor cuantitativo),CHEMBL3050304,J Agric Food Chem (2011) [CHEMBL3045143]
B22,CHEMBL32749,Ferulic acid,standard_value es nulo (sin valor cuantitativo),CHEMBL3050305,J Agric Food Chem (2011) [CHEMBL3045143]
B22,CHEMBL32749,Ferulic acid,standard_value es nulo (sin valor cuantitativo),CHEMBL3050306,J Agric Food Chem (2011) [CHEMBL3045143]
B22,CHEMBL32749,Ferulic acid,standard_value es nulo (sin valor cuantitativo),CHEMBL3050307,J Agric Food Chem (2011) [CHEMBL3045143]
B22,CHEMBL32749,Ferulic acid,standard_value es nulo (sin valor cuantitativo),CHEMBL3050308,J Agric Food Chem (2011) [CHEMBL3045143]
B22,CHEMBL32749,Ferulic acid,standard_value es nulo (sin valor cuantitativo),CHEMBL3050309,J Agric Food Chem (2011) [CHEMBL3045143]
B22,CHEMBL32749,Ferulic acid,standard_value es nulo (sin valor cuantitativo),CHEMBL3050310,J Agric Food Chem (2011) [CHEMBL3045143]
B22,CHEMBL32749,Ferulic acid,standard_value es nulo (sin valor cuantitativo),CHEMBL3050311,J Agric Food Chem (2011) [CHEMBL3045143]
B22,CHEMBL32749,Ferulic acid,standard_value es nulo (sin valor cuantitativo),CHEMBL3050312,J Agric Food Chem (2011) [CHEMBL3045143]
B22,CHEMBL32749,Ferulic acid,standard_value es nulo (sin valor cuantitativo),CHEMBL3048311,J Agric Food Chem (2011) [CHEMBL3045143]
B22,CHEMBL32749,Ferulic acid,standard_value es nulo (sin valor cuantitativo),CHEMBL3049751,J Agric Food Chem (2012) [CHEMBL3046008]
B22,CHEMBL32749,Ferulic acid,standard_value es nulo (sin valor cuantitativo),CHEMBL3059230,J Pestic Sci (2011) [CHEMBL3046865]
B22,CHEMBL32749,Ferulic acid,standard_value es nulo (sin valor cuantitativo),CHEMBL3059231,J Pestic Sci (2011) [CHEMBL3046865]
B22,CHEMBL32749,Ferulic acid,standard_value es nulo (sin valor cuantitativo),CHEMBL3078775,Crop Prot (2013) [CHEMBL3044718]
B22,CHEMBL32749,Ferulic acid,standard_value es nulo (sin valor cuantitativo),CHEMBL3078776,Crop Prot (2013) [CHEMBL3044718]
B22,CHEMBL32749,Ferulic acid,standard_value es nulo (sin valor cuantitativo),CHEMBL3078781,Crop Prot (2013) [CHEMBL3044718]
B22,CHEMBL32749,Ferulic acid,standard_value es nulo (sin valor cuantitativo),CHEMBL3078663,Crop Prot (2013) [CHEMBL3044718]
B22,CHEMBL32749,Ferulic acid,standard_value es nulo (sin valor cuantitativo),CHEMBL3071303,Med Chem Res (2013) [CHEMBL3045072]
B22,CHEMBL32749,Ferulic acid,standard_value es nulo (sin valor cuantitativo),CHEMBL2341549,Bioorg Med Chem Lett (2013) [CHEMBL2331432]
B22,CHEMBL32749,Ferulic acid,standard_value es nulo (sin valor cuantitativo),CHEMBL2341552,Bioorg Med Chem Lett (2013) [CHEMBL2331432]
B22,CHEMBL32749,Ferulic acid,standard_value es nulo (sin valor cuantitativo),CHEMBL2428848,Med Chem Res (2013) [CHEMBL2424526]
B22,CHEMBL32749,Ferulic acid,standard_value es nulo (sin valor cuantitativo),CHEMBL2439853,Bioorg Med Chem Lett (2013) [CHEMBL2434901]
B22,CHEMBL32749,Ferulic acid,standard_value es nulo (sin valor cuantitativo),CHEMBL3124070,J Nat Prod (2014) [CHEMBL3120059]
B22,CHEMBL32749,Ferulic acid,standard_value es nulo (sin valor cuantitativo),CHEMBL3124071,J Nat Prod (2014) [CHEMBL3120059]
B22,CHEMBL32749,Ferulic acid,standard_value es nulo (sin valor cuantitativo),CHEMBL3124072,J Nat Prod (2014) [CHEMBL3120059]
B22,CHEMBL32749,Ferulic acid,standard_value es nulo (sin valor cuantitativo),CHEMBL3137736,Gastroenterol Clin Biol (2004) [CHEMBL3137667]
B22,CHEMBL32749,Ferulic acid,standard_value es nulo (sin valor cuantitativo),CHEMBL3137737,Gastroenterol Clin Biol (2004) [CHEMBL3137667]
B22,CHEMBL32749,Ferulic acid,standard_value es nulo (sin valor cuantitativo),CHEMBL3137738,Gastroenterol Clin Biol (2004) [CHEMBL3137667]
B22,CHEMBL32749,Ferulic acid,standard_value es nulo (sin valor cuantitativo),CHEMBL3137739,Gastroenterol Clin Biol (2004) [CHEMBL3137667]
B22,CHEMBL32749,Ferulic acid,standard_value es nulo (sin valor cuantitativo),CHEMBL3137740,Gastroenterol Clin Biol (2004) [CHEMBL3137667]
B22,CHEMBL32749,Ferulic acid,standard_value es nulo (sin valor cuantitativo),CHEMBL3399327,Eur J Med Chem (2015) [CHEMBL3396996]
B22,CHEMBL32749,Ferulic acid,standard_value es nulo (sin valor cuantitativo),CHEMBL3411987,Eur J Med Chem (2015) [CHEMBL3407499]
B22,CHEMBL32749,Ferulic acid,standard_value es nulo (sin valor cuantitativo),CHEMBL3592699,Bioorg Med Chem Lett (2015) [CHEMBL3588768]
B22,CHEMBL32749,Ferulic acid,standard_value es nulo (sin valor cuantitativo),CHEMBL3592700,Bioorg Med Chem Lett (2015) [CHEMBL3588768]
B22,CHEMBL32749,Ferulic acid,standard_value es nulo (sin valor cuantitativo),CHEMBL3796608,Bioorg Med Chem Lett (2016) [CHEMBL3792354]
B22,CHEMBL32749,Ferulic acid,standard_value es nulo (sin valor cuantitativo),CHEMBL3821805,Bioorg Med Chem Lett (2016) [CHEMBL3817734]
B22,CHEMBL32749,Ferulic acid,standard_value es nulo (sin valor cuantitativo),CHEMBL3821808,Bioorg Med Chem Lett (2016) [CHEMBL3817734]
B22,CHEMBL32749,Ferulic acid,standard_value es nulo (sin valor cuantitativo),CHEMBL3821435,Medchemcomm (2016) [CHEMBL3817754]
B22,CHEMBL32749,Ferulic acid,standard_value es nulo (sin valor cuantitativo),CHEMBL3821772,Medchemcomm (2016) [CHEMBL3817754]
B22,CHEMBL32749,Ferulic acid,standard_value es nulo (sin valor cuantitativo),CHEMBL3824751,Eur J Med Chem (2016) [CHEMBL3822454]
B22,CHEMBL32749,Ferulic acid,standard_value es nulo (sin valor cuantitativo),CHEMBL3824752,Eur J Med Chem (2016) [CHEMBL3822454]
B22,CHEMBL32749,Ferulic acid,standard_value es nulo (sin valor cuantitativo),CHEMBL3824753,Eur J Med Chem (2016) [CHEMBL3822454]
B22,CHEMBL32749,Ferulic acid,standard_value es nulo (sin valor cuantitativo),CHEMBL3885882,None (None) [CHEMBL3885881]
B22,CHEMBL32749,Ferulic acid,standard_value es nulo (sin valor cuantitativo),CHEMBL3885882,None (None) [CHEMBL3885881]
B22,CHEMBL32749,Ferulic acid,standard_value es nulo (sin valor cuantitativo),CHEMBL3885882,None (None) [CHEMBL3885881]
B22,CHEMBL32749,Ferulic acid,standard_value es nulo (sin valor cuantitativo),CHEMBL3885882,None (None) [CHEMBL3885881]
B22,CHEMBL32749,Ferulic acid,standard_value es nulo (sin valor cuantitativo),CHEMBL3885882,None (None) [CHEMBL3885881]
B22,CHEMBL32749,Ferulic acid,standard_value es nulo (sin valor cuantitativo),CHEMBL3885882,None (None) [CHEMBL3885881]
B22,CHEMBL32749,Ferulic acid,standard_value es nulo (sin valor cuantitativo),CHEMBL3885882,None (None) [CHEMBL3885881]
B22,CHEMBL32749,Ferulic acid,standard_value es nulo (sin valor cuantitativo),CHEMBL3885882,None (None) [CHEMBL3885881]
B22,CHEMBL32749,Ferulic acid,standard_value es nulo (sin valor cuantitativo),CHEMBL3885882,None (None) [CHEMBL3885881]
B22,CHEMBL32749,Ferulic acid,standard_value es nulo (sin valor cuantitativo),CHEMBL3885882,None (None) [CHEMBL3885881]
B22,CHEMBL32749,Ferulic acid,standard_value es nulo (sin valor cuantitativo),CHEMBL3885882,None (None) [CHEMBL3885881]
B22,CHEMBL32749,Ferulic acid,standard_value es nulo (sin valor cuantitativo),CHEMBL3885882,None (None) [CHEMBL3885881]
B22,CHEMBL32749,Ferulic acid,standard_value es nulo (sin valor cuantitativo),CHEMBL3885882,None (None) [CHEMBL3885881]
B22,CHEMBL32749,Ferulic acid,standard_value es nulo (sin valor cuantitativo),CHEMBL3885882,None (None) [CHEMBL3885881]
B22,CHEMBL32749,Ferulic acid,standard_value es nulo (sin valor cuantitativo),CHEMBL3885882,None (None) [CHEMBL3885881]
B22,CHEMBL32749,Ferulic acid,standard_value es nulo (sin valor cuantitativo),CHEMBL3885882,None (None) [CHEMBL3885881]
B22,CHEMBL32749,Ferulic acid,standard_value es nulo (sin valor cuantitativo),CHEMBL3885882,None (None) [CHEMBL3885881]
B22,CHEMBL32749,Ferulic acid,standard_value es nulo (sin valor cuantitativo),CHEMBL3885882,None (None) [CHEMBL3885881]
B22,CHEMBL32749,Ferulic acid,standard_value es nulo (sin valor cuantitativo),CHEMBL3885882,None (None) [CHEMBL3885881]
B22,CHEMBL32749,Ferulic acid,standard_value es nulo (sin valor cuantitativo),CHEMBL3885882,None (None) [CHEMBL3885881]
B22,CHEMBL32749,Ferulic acid,standard_value es nulo (sin valor cuantitativo),CHEMBL3885882,None (None) [CHEMBL3885881]
B22,CHEMBL32749,Ferulic acid,standard_value es nulo (sin valor cuantitativo),CHEMBL3885882,None (None) [CHEMBL3885881]
B22,CHEMBL32749,Ferulic acid,standard_value es nulo (sin valor cuantitativo),CHEMBL3885882,None (None) [CHEMBL3885881]
B22,CHEMBL32749,Ferulic acid,standard_value es nulo (sin valor cuantitativo),CHEMBL3885882,None (None) [CHEMBL3885881]
B22,CHEMBL32749,Ferulic acid,standard_value es nulo (sin valor cuantitativo),CHEMBL3885882,None (None) [CHEMBL3885881]
B22,CHEMBL32749,Ferulic acid,standard_value es nulo (sin valor cuantitativo),CHEMBL3885882,None (None) [CHEMBL3885881]
B22,CHEMBL32749,Ferulic acid,standard_value es nulo (sin valor cuantitativo),CHEMBL3885882,None (None) [CHEMBL3885881]
B22,CHEMBL32749,Ferulic acid,standard_value es nulo (sin valor cuantitativo),CHEMBL3885882,None (None) [CHEMBL3885881]
B22,CHEMBL32749,Ferulic acid,standard_value es nulo (sin valor cuantitativo),CHEMBL3885882,None (None) [CHEMBL3885881]
B22,CHEMBL32749,Ferulic acid,standard_value es nulo (sin valor cuantitativo),CHEMBL3885882,None (None) [CHEMBL3885881]
B22,CHEMBL32749,Ferulic acid,standard_value es nulo (sin valor cuantitativo),CHEMBL3885882,None (None) [CHEMBL3885881]
B22,CHEMBL32749,Ferulic acid,standard_value es nulo (sin valor cuantitativo),CHEMBL3885882,None (None) [CHEMBL3885881]
B22,CHEMBL32749,Ferulic acid,standard_value es nulo (sin valor cuantitativo),CHEMBL3885882,None (None) [CHEMBL3885881]
B22,CHEMBL32749,Ferulic acid,standard_value es nulo (sin valor cuantitativo),CHEMBL3885882,None (None) [CHEMBL3885881]
B22,CHEMBL32749,Ferulic acid,standard_value es nulo (sin valor cuantitativo),CHEMBL3885882,None (None) [CHEMBL3885881]
B22,CHEMBL32749,Ferulic acid,standard_value es nulo (sin valor cuantitativo),CHEMBL3885882,None (None) [CHEMBL3885881]
B22,CHEMBL32749,Ferulic acid,standard_value es nulo (sin valor cuantitativo),CHEMBL3885882,None (None) [CHEMBL3885881]
B22,CHEMBL32749,Ferulic acid,standard_value es nulo (sin valor cuantitativo),CHEMBL3885882,None (None) [CHEMBL3885881]
B22,CHEMBL32749,Ferulic acid,standard_value es nulo (sin valor cuantitativo),CHEMBL3885882,None (None) [CHEMBL3885881]
B22,CHEMBL32749,Ferulic acid,standard_value es nulo (sin valor cuantitativo),CHEMBL3885882,None (None) [CHEMBL3885881]
B22,CHEMBL32749,Ferulic acid,standard_value es nulo (sin valor cuantitativo),CHEMBL3885882,None (None) [CHEMBL3885881]
B22,CHEMBL32749,Ferulic acid,standard_value es nulo (sin valor cuantitativo),CHEMBL3885882,None (None) [CHEMBL3885881]
B22,CHEMBL32749,Ferulic acid,standard_value es nulo (sin valor cuantitativo),CHEMBL3885882,None (None) [CHEMBL3885881]
B22,CHEMBL32749,Ferulic acid,standard_value es nulo (sin valor cuantitativo),CHEMBL3885882,None (None) [CHEMBL3885881]
B22,CHEMBL32749,Ferulic acid,standard_value es nulo (sin valor cuantitativo),CHEMBL3885882,None (None) [CHEMBL3885881]
B22,CHEMBL32749,Ferulic acid,standard_value es nulo (sin valor cuantitativo),CHEMBL3885882,None (None) [CHEMBL3885881]
B22,CHEMBL32749,Ferulic acid,standard_value es nulo (sin valor cuantitativo),CHEMBL3885882,None (None) [CHEMBL3885881]
B22,CHEMBL32749,Ferulic acid,standard_value es nulo (sin valor cuantitativo),CHEMBL3885882,None (None) [CHEMBL3885881]
B22,CHEMBL32749,Ferulic acid,standard_value es nulo (sin valor cuantitativo),CHEMBL3885882,None (None) [CHEMBL3885881]
B22,CHEMBL32749,Ferulic acid,standard_value es nulo (sin valor cuantitativo),CHEMBL3885882,None (None) [CHEMBL3885881]
B22,CHEMBL32749,Ferulic acid,standard_value es nulo (sin valor cuantitativo),CHEMBL3885882,None (None) [CHEMBL3885881]
B22,CHEMBL32749,Ferulic acid,standard_value es nulo (sin valor cuantitativo),CHEMBL3885882,None (None) [CHEMBL3885881]
B22,CHEMBL32749,Ferulic acid,standard_value es nulo (sin valor cuantitativo),CHEMBL3885882,None (None) [CHEMBL3885881]
B22,CHEMBL32749,Ferulic acid,standard_value es nulo (sin valor cuantitativo),CHEMBL3885882,None (None) [CHEMBL3885881]
B22,CHEMBL32749,Ferulic acid,standard_value es nulo (sin valor cuantitativo),CHEMBL3885882,None (None) [CHEMBL3885881]
B22,CHEMBL32749,Ferulic acid,standard_value es nulo (sin valor cuantitativo),CHEMBL3885882,None (None) [CHEMBL3885881]
B22,CHEMBL32749,Ferulic acid,standard_value es nulo (sin valor cuantitativo),CHEMBL3885882,None (None) [CHEMBL3885881]
B22,CHEMBL32749,Ferulic acid,standard_value es nulo (sin valor cuantitativo),CHEMBL3885882,None (None) [CHEMBL3885881]
B22,CHEMBL32749,Ferulic acid,standard_value es nulo (sin valor cuantitativo),CHEMBL3885882,None (None) [CHEMBL3885881]
B22,CHEMBL32749,Ferulic acid,standard_value es nulo (sin valor cuantitativo),CHEMBL3885882,None (None) [CHEMBL3885881]
B22,CHEMBL32749,Ferulic acid,standard_value es nulo (sin valor cuantitativo),CHEMBL3885882,None (None) [CHEMBL3885881]
B22,CHEMBL32749,Ferulic acid,standard_value es nulo (sin valor cuantitativo),CHEMBL3885882,None (None) [CHEMBL3885881]
B22,CHEMBL32749,Ferulic acid,standard_value es nulo (sin valor cuantitativo),CHEMBL3885882,None (None) [CHEMBL3885881]
B22,CHEMBL32749,Ferulic acid,standard_value es nulo (sin valor cuantitativo),CHEMBL3885882,None (None) [CHEMBL3885881]
B22,CHEMBL32749,Ferulic acid,standard_value es nulo (sin valor cuantitativo),CHEMBL3885882,None (None) [CHEMBL3885881]
B22,CHEMBL32749,Ferulic acid,standard_value es nulo (sin valor cuantitativo),CHEMBL3885882,None (None) [CHEMBL3885881]
B22,CHEMBL32749,Ferulic acid,standard_value es nulo (sin valor cuantitativo),CHEMBL3885882,None (None) [CHEMBL3885881]
B22,CHEMBL32749,Ferulic acid,standard_value es nulo (sin valor cuantitativo),CHEMBL3885882,None (None) [CHEMBL3885881]
B22,CHEMBL32749,Ferulic acid,standard_value es nulo (sin valor cuantitativo),CHEMBL3885882,None (None) [CHEMBL3885881]
B22,CHEMBL32749,Ferulic acid,standard_value es nulo (sin valor cuantitativo),CHEMBL3885882,None (None) [CHEMBL3885881]
B22,CHEMBL32749,Ferulic acid,standard_value es nulo (sin valor cuantitativo),CHEMBL3885882,None (None) [CHEMBL3885881]
B22,CHEMBL32749,Ferulic acid,standard_value es nulo (sin valor cuantitativo),CHEMBL3885882,None (None) [CHEMBL3885881]
B22,CHEMBL32749,Ferulic acid,standard_value es nulo (sin valor cuantitativo),CHEMBL3885882,None (None) [CHEMBL3885881]
B22,CHEMBL32749,Ferulic acid,standard_value es nulo (sin valor cuantitativo),CHEMBL3885882,None (None) [CHEMBL3885881]
B22,CHEMBL32749,Ferulic acid,standard_value es nulo (sin valor cuantitativo),CHEMBL3885882,None (None) [CHEMBL3885881]
B22,CHEMBL32749,Ferulic acid,standard_value es nulo (sin valor cuantitativo),CHEMBL3885882,None (None) [CHEMBL3885881]
B22,CHEMBL32749,Ferulic acid,standard_value es nulo (sin valor cuantitativo),CHEMBL3885882,None (None) [CHEMBL3885881]
B22,CHEMBL32749,Ferulic acid,standard_value es nulo (sin valor cuantitativo),CHEMBL3885882,None (None) [CHEMBL3885881]
B22,CHEMBL32749,Ferulic acid,standard_value es nulo (sin valor cuantitativo),CHEMBL3885882,None (None) [CHEMBL3885881]
B22,CHEMBL32749,Ferulic acid,standard_value es nulo (sin valor cuantitativo),CHEMBL3885882,None (None) [CHEMBL3885881]
B22,CHEMBL32749,Ferulic acid,standard_value es nulo (sin valor cuantitativo),CHEMBL3885882,None (None) [CHEMBL3885881]
B22,CHEMBL32749,Ferulic acid,standard_value es nulo (sin valor cuantitativo),CHEMBL3885882,None (None) [CHEMBL3885881]
B22,CHEMBL32749,Ferulic acid,standard_value es nulo (sin valor cuantitativo),CHEMBL3885882,None (None) [CHEMBL3885881]
B22,CHEMBL32749,Ferulic acid,standard_value es nulo (sin valor cuantitativo),CHEMBL3885882,None (None) [CHEMBL3885881]
B22,CHEMBL32749,Ferulic acid,standard_value es nulo (sin valor cuantitativo),CHEMBL3885882,None (None) [CHEMBL3885881]
B22,CHEMBL32749,Ferulic acid,standard_value es nulo (sin valor cuantitativo),CHEMBL3885882,None (None) [CHEMBL3885881]
B22,CHEMBL32749,Ferulic acid,standard_value es nulo (sin valor cuantitativo),CHEMBL3885882,None (None) [CHEMBL3885881]
B22,CHEMBL32749,Ferulic acid,standard_value es nulo (sin valor cuantitativo),CHEMBL3885882,None (None) [CHEMBL3885881]
B22,CHEMBL32749,Ferulic acid,standard_value es nulo (sin valor cuantitativo),CHEMBL3885882,None (None) [CHEMBL3885881]
B22,CHEMBL32749,Ferulic acid,standard_value es nulo (sin valor cuantitativo),CHEMBL3885882,None (None) [CHEMBL3885881]
B22,CHEMBL32749,Ferulic acid,standard_value es nulo (sin valor cuantitativo),CHEMBL3885882,None (None) [CHEMBL3885881]
B22,CHEMBL32749,Ferulic acid,standard_value es nulo (sin valor cuantitativo),CHEMBL3885882,None (None) [CHEMBL3885881]
B22,CHEMBL32749,Ferulic acid,standard_value es nulo (sin valor cuantitativo),CHEMBL3885882,None (None) [CHEMBL3885881]
B22,CHEMBL32749,Ferulic acid,standard_value es nulo (sin valor cuantitativo),CHEMBL3885882,None (None) [CHEMBL3885881]
B22,CHEMBL32749,Ferulic acid,standard_value es nulo (sin valor cuantitativo),CHEMBL3885882,None (None) [CHEMBL3885881]
B22,CHEMBL32749,Ferulic acid,standard_value es nulo (sin valor cuantitativo),CHEMBL3885882,None (None) [CHEMBL3885881]
B22,CHEMBL32749,Ferulic acid,standard_value es nulo (sin valor cuantitativo),CHEMBL3885882,None (None) [CHEMBL3885881]
B22,CHEMBL32749,Ferulic acid,standard_value es nulo (sin valor cuantitativo),CHEMBL3885882,None (None) [CHEMBL3885881]
B22,CHEMBL32749,Ferulic acid,standard_value es nulo (sin valor cuantitativo),CHEMBL3885882,None (None) [CHEMBL3885881]
B22,CHEMBL32749,Ferulic acid,standard_value es nulo (sin valor cuantitativo),CHEMBL3885882,None (None) [CHEMBL3885881]
B22,CHEMBL32749,Ferulic acid,standard_value es nulo (sin valor cuantitativo),CHEMBL3885882,None (None) [CHEMBL3885881]
B22,CHEMBL32749,Ferulic acid,standard_value es nulo (sin valor cuantitativo),CHEMBL3885882,None (None) [CHEMBL3885881]
B22,CHEMBL32749,Ferulic acid,standard_value es nulo (sin valor cuantitativo),CHEMBL3885882,None (None) [CHEMBL3885881]
B22,CHEMBL32749,Ferulic acid,standard_value es nulo (sin valor cuantitativo),CHEMBL3885882,None (None) [CHEMBL3885881]
B22,CHEMBL32749,Ferulic acid,standard_value es nulo (sin valor cuantitativo),CHEMBL3885882,None (None) [CHEMBL3885881]
B22,CHEMBL32749,Ferulic acid,standard_value es nulo (sin valor cuantitativo),CHEMBL3885882,None (None) [CHEMBL3885881]
B22,CHEMBL32749,Ferulic acid,standard_value es nulo (sin valor cuantitativo),CHEMBL3885882,None (None) [CHEMBL3885881]
B22,CHEMBL32749,Ferulic acid,standard_value es nulo (sin valor cuantitativo),CHEMBL3885882,None (None) [CHEMBL3885881]
B22,CHEMBL32749,Ferulic acid,standard_value es nulo (sin valor cuantitativo),CHEMBL3885882,None (None) [CHEMBL3885881]
B22,CHEMBL32749,Ferulic acid,standard_value es nulo (sin valor cuantitativo),CHEMBL3885882,None (None) [CHEMBL3885881]
B22,CHEMBL32749,Ferulic acid,standard_value es nulo (sin valor cuantitativo),CHEMBL3885882,None (None) [CHEMBL3885881]
B22,CHEMBL32749,Ferulic acid,standard_value es nulo (sin valor cuantitativo),CHEMBL3885882,None (None) [CHEMBL3885881]
B22,CHEMBL32749,Ferulic acid,standard_value es nulo (sin valor cuantitativo),CHEMBL3885882,None (None) [CHEMBL3885881]
B22,CHEMBL32749,Ferulic acid,standard_value es nulo (sin valor cuantitativo),CHEMBL3885882,None (None) [CHEMBL3885881]
B22,CHEMBL32749,Ferulic acid,standard_value es nulo (sin valor cuantitativo),CHEMBL3885882,None (None) [CHEMBL3885881]
B22,CHEMBL32749,Ferulic acid,standard_value es nulo (sin valor cuantitativo),CHEMBL3885882,None (None) [CHEMBL3885881]
B22,CHEMBL32749,Ferulic acid,standard_value es nulo (sin valor cuantitativo),CHEMBL3885882,None (None) [CHEMBL3885881]
B22,CHEMBL32749,Ferulic acid,standard_value es nulo (sin valor cuantitativo),CHEMBL3885882,None (None) [CHEMBL3885881]
B22,CHEMBL32749,Ferulic acid,standard_value es nulo (sin valor cuantitativo),CHEMBL4003224,Eur J Med Chem (2017) [CHEMBL4002576]
B22,CHEMBL32749,Ferulic acid,standard_value es nulo (sin valor cuantitativo),CHEMBL4003225,Eur J Med Chem (2017) [CHEMBL4002576]
B22,CHEMBL32749,Ferulic acid,standard_value es nulo (sin valor cuantitativo),CHEMBL4003227,Eur J Med Chem (2017) [CHEMBL4002576]
B22,CHEMBL32749,Ferulic acid,standard_value es nulo (sin valor cuantitativo),CHEMBL4003223,Eur J Med Chem (2017) [CHEMBL4002576]
B22,CHEMBL32749,Ferulic acid,standard_value es nulo (sin valor cuantitativo),CHEMBL4011757,Eur J Med Chem (2017) [CHEMBL4011587]
B22,CHEMBL32749,Ferulic acid,standard_value es nulo (sin valor cuantitativo),CHEMBL4011758,Eur J Med Chem (2017) [CHEMBL4011587]
B22,CHEMBL32749,Ferulic acid,standard_value es nulo (sin valor cuantitativo),CHEMBL4011760,Eur J Med Chem (2017) [CHEMBL4011587]
B22,CHEMBL32749,Ferulic acid,standard_value es nulo (sin valor cuantitativo),CHEMBL4011761,Eur J Med Chem (2017) [CHEMBL4011587]
B22,CHEMBL32749,Ferulic acid,standard_value es nulo (sin valor cuantitativo),CHEMBL4011768,Eur J Med Chem (2017) [CHEMBL4011587]
B22,CHEMBL32749,Ferulic acid,standard_value es nulo (sin valor cuantitativo),CHEMBL4054596,Eur J Med Chem (2017) [CHEMBL4052639]
B22,CHEMBL32749,Ferulic acid,standard_value es nulo (sin valor cuantitativo),CHEMBL4192481,J Nat Prod (2017) [CHEMBL4190264]
B22,CHEMBL32749,Ferulic acid,standard_value es nulo (sin valor cuantitativo),CHEMBL4192487,J Nat Prod (2017) [CHEMBL4190264]
B22,CHEMBL32749,Ferulic acid,standard_value es nulo (sin valor cuantitativo),CHEMBL4193266,J Nat Prod (2017) [CHEMBL4190302]
B22,CHEMBL32749,Ferulic acid,standard_value es nulo (sin valor cuantitativo),CHEMBL4193442,Eur J Med Chem (2017) [CHEMBL4190315]
B22,CHEMBL32749,Ferulic acid,standard_value es nulo (sin valor cuantitativo),CHEMBL4193443,Eur J Med Chem (2017) [CHEMBL4190315]
B22,CHEMBL32749,Ferulic acid,standard_value es nulo (sin valor cuantitativo),CHEMBL4193452,Eur J Med Chem (2017) [CHEMBL4190315]
B22,CHEMBL32749,Ferulic acid,standard_value es nulo (sin valor cuantitativo),CHEMBL4196887,Eur J Med Chem (2018) [CHEMBL4196016]
B22,CHEMBL32749,Ferulic acid,standard_value es nulo (sin valor cuantitativo),CHEMBL4196883,Eur J Med Chem (2018) [CHEMBL4196016]
B22,CHEMBL32749,Ferulic acid,standard_value es nulo (sin valor cuantitativo),CHEMBL4196908,Eur J Med Chem (2018) [CHEMBL4196016]
B22,CHEMBL32749,Ferulic acid,standard_value es nulo (sin valor cuantitativo),CHEMBL4196909,Eur J Med Chem (2018) [CHEMBL4196016]
B22,CHEMBL32749,Ferulic acid,standard_value es nulo (sin valor cuantitativo),CHEMBL4196912,Eur J Med Chem (2018) [CHEMBL4196016]
B22,CHEMBL32749,Ferulic acid,standard_value es nulo (sin valor cuantitativo),CHEMBL4196915,Eur J Med Chem (2018) [CHEMBL4196016]
B22,CHEMBL32749,Ferulic acid,standard_value es nulo (sin valor cuantitativo),CHEMBL4196916,Eur J Med Chem (2018) [CHEMBL4196016]
B22,CHEMBL32749,Ferulic acid,standard_value es nulo (sin valor cuantitativo),CHEMBL4321162,Bioorg Med Chem Lett (2019) [CHEMBL4316615]
B22,CHEMBL32749,Ferulic acid,standard_value es nulo (sin valor cuantitativo),CHEMBL4361699,Eur J Med Chem (2019) [CHEMBL4359848]
B22,CHEMBL32749,Ferulic acid,standard_value es nulo (sin valor cuantitativo),CHEMBL4361698,Eur J Med Chem (2019) [CHEMBL4359848]
B22,CHEMBL32749,Ferulic acid,standard_value es nulo (sin valor cuantitativo),CHEMBL4361697,Eur J Med Chem (2019) [CHEMBL4359848]
B22,CHEMBL32749,Ferulic acid,standard_value es nulo (sin valor cuantitativo),CHEMBL4361696,Eur J Med Chem (2019) [CHEMBL4359848]
B22,CHEMBL32749,Ferulic acid,standard_value es nulo (sin valor cuantitativo),CHEMBL4361695,Eur J Med Chem (2019) [CHEMBL4359848]
B22,CHEMBL32749,Ferulic acid,standard_value es nulo (sin valor cuantitativo),CHEMBL4361702,Eur J Med Chem (2019) [CHEMBL4359848]
B22,CHEMBL32749,Ferulic acid,standard_value es nulo (sin valor cuantitativo),CHEMBL4361704,Eur J Med Chem (2019) [CHEMBL4359848]
B22,CHEMBL32749,Ferulic acid,standard_value es nulo (sin valor cuantitativo),CHEMBL4369150,Medchemcomm (2018) [CHEMBL4368859]
B22,CHEMBL32749,Ferulic acid,standard_value es nulo (sin valor cuantitativo),CHEMBL4369151,Medchemcomm (2018) [CHEMBL4368859]
B22,CHEMBL32749,Ferulic acid,standard_value es nulo (sin valor cuantitativo),CHEMBL4379686,J Med Chem (2019) [CHEMBL4376837]
B22,CHEMBL32749,Ferulic acid,standard_value es nulo (sin valor cuantitativo),CHEMBL4379687,J Med Chem (2019) [CHEMBL4376837]
B22,CHEMBL32749,Ferulic acid,standard_value es nulo (sin valor cuantitativo),CHEMBL4379688,J Med Chem (2019) [CHEMBL4376837]
B22,CHEMBL32749,Ferulic acid,standard_value es nulo (sin valor cuantitativo),CHEMBL4379690,J Med Chem (2019) [CHEMBL4376837]
B22,CHEMBL32749,Ferulic acid,standard_value es nulo (sin valor cuantitativo),CHEMBL4398720,Bioorg Med Chem (2019) [CHEMBL4396899]
B22,CHEMBL32749,Ferulic acid,standard_value es nulo (sin valor cuantitativo),CHEMBL4681244,J Med Chem (2016) [CHEMBL4680085]
B22,CHEMBL32749,Ferulic acid,standard_value es nulo (sin valor cuantitativo),CHEMBL4681245,J Med Chem (2016) [CHEMBL4680085]
B22,CHEMBL32749,Ferulic acid,standard_value es nulo (sin valor cuantitativo),CHEMBL4681246,J Med Chem (2016) [CHEMBL4680085]
B22,CHEMBL32749,Ferulic acid,standard_value es nulo (sin valor cuantitativo),CHEMBL4681247,J Med Chem (2016) [CHEMBL4680085]
B22,CHEMBL32749,Ferulic acid,standard_value es nulo (sin valor cuantitativo),CHEMBL4681250,J Med Chem (2016) [CHEMBL4680085]
B22,CHEMBL32749,Ferulic acid,standard_value es nulo (sin valor cuantitativo),CHEMBL4681251,J Med Chem (2016) [CHEMBL4680085]
B22,CHEMBL32749,Ferulic acid,standard_value es nulo (sin valor cuantitativo),CHEMBL4681252,J Med Chem (2016) [CHEMBL4680085]
B22,CHEMBL32749,Ferulic acid,standard_value es nulo (sin valor cuantitativo),CHEMBL4681253,J Med Chem (2016) [CHEMBL4680085]
B22,CHEMBL32749,Ferulic acid,standard_value es nulo (sin valor cuantitativo),CHEMBL4686667,Eur J Med Chem (2020) [CHEMBL4680246]
B22,CHEMBL32749,Ferulic acid,standard_value es nulo (sin valor cuantitativo),CHEMBL4686670,Eur J Med Chem (2020) [CHEMBL4680246]
B22,CHEMBL32749,Ferulic acid,standard_value es nulo (sin valor cuantitativo),CHEMBL4686672,Eur J Med Chem (2020) [CHEMBL4680246]
B22,CHEMBL32749,Ferulic acid,standard_value es nulo (sin valor cuantitativo),CHEMBL4734569,Eur J Med Chem (2021) [CHEMBL4732099]
B22,CHEMBL32749,Ferulic acid,standard_value es nulo (sin valor cuantitativo),CHEMBL4734570,Eur J Med Chem (2021) [CHEMBL4732099]
B22,CHEMBL32749,Ferulic acid,standard_value es nulo (sin valor cuantitativo),CHEMBL4734571,Eur J Med Chem (2021) [CHEMBL4732099]
B22,CHEMBL32749,Ferulic acid,standard_value es nulo (sin valor cuantitativo),CHEMBL4769505,Eur J Med Chem (2020) [CHEMBL4765306]
B22,CHEMBL32749,Ferulic acid,standard_value es nulo (sin valor cuantitativo),CHEMBL4769515,Eur J Med Chem (2020) [CHEMBL4765306]
B22,CHEMBL32749,Ferulic acid,standard_value es nulo (sin valor cuantitativo),CHEMBL4769525,Eur J Med Chem (2020) [CHEMBL4765306]
B22,CHEMBL32749,Ferulic acid,standard_value es nulo (sin valor cuantitativo),CHEMBL4769528,Eur J Med Chem (2020) [CHEMBL4765306]
B22,CHEMBL32749,Ferulic acid,standard_value es nulo (sin valor cuantitativo),CHEMBL4769531,Eur J Med Chem (2020) [CHEMBL4765306]
B22,CHEMBL32749,Ferulic acid,standard_value es nulo (sin valor cuantitativo),CHEMBL4769534,Eur J Med Chem (2020) [CHEMBL4765306]
B22,CHEMBL32749,Ferulic acid,standard_value es nulo (sin valor cuantitativo),CHEMBL4769537,Eur J Med Chem (2020) [CHEMBL4765306]
B22,CHEMBL32749,Ferulic acid,standard_value es nulo (sin valor cuantitativo),CHEMBL4769540,Eur J Med Chem (2020) [CHEMBL4765306]
B22,CHEMBL32749,Ferulic acid,standard_value es nulo (sin valor cuantitativo),CHEMBL4769543,Eur J Med Chem (2020) [CHEMBL4765306]
B22,CHEMBL32749,Ferulic acid,standard_value es nulo (sin valor cuantitativo),CHEMBL4825164,Bioorg Med Chem Lett (2021) [CHEMBL4823304]
B22,CHEMBL32749,Ferulic acid,standard_value es nulo (sin valor cuantitativo),CHEMBL5033236,J Med Chem (2021) [CHEMBL5032507]
B22,CHEMBL32749,Ferulic acid,standard_value es nulo (sin valor cuantitativo),CHEMBL5033237,J Med Chem (2021) [CHEMBL5032507]
B22,CHEMBL32749,Ferulic acid,standard_value es nulo (sin valor cuantitativo),CHEMBL5033238,J Med Chem (2021) [CHEMBL5032507]
B22,CHEMBL32749,Ferulic acid,standard_value es nulo (sin valor cuantitativo),CHEMBL5033241,J Med Chem (2021) [CHEMBL5032507]
B22,CHEMBL32749,Ferulic acid,standard_value es nulo (sin valor cuantitativo),CHEMBL5033242,J Med Chem (2021) [CHEMBL5032507]
B22,CHEMBL32749,Ferulic acid,standard_value es nulo (sin valor cuantitativo),CHEMBL5033243,J Med Chem (2021) [CHEMBL5032507]
B22,CHEMBL32749,Ferulic acid,standard_value es nulo (sin valor cuantitativo),CHEMBL5033255,J Med Chem (2021) [CHEMBL5032507]
B22,CHEMBL32749,Ferulic acid,standard_value es nulo (sin valor cuantitativo),CHEMBL5033260,J Med Chem (2021) [CHEMBL5032507]
B22,CHEMBL32749,Ferulic acid,standard_value es nulo (sin valor cuantitativo),CHEMBL5033261,J Med Chem (2021) [CHEMBL5032507]
B22,CHEMBL32749,Ferulic acid,standard_value es nulo (sin valor cuantitativo),CHEMBL5033264,J Med Chem (2021) [CHEMBL5032507]
B22,CHEMBL32749,Ferulic acid,standard_value es nulo (sin valor cuantitativo),CHEMBL5324840,J Med Chem (2023) [CHEMBL5321289]
B22,CHEMBL32749,Ferulic acid,standard_value es nulo (sin valor cuantitativo),CHEMBL5365773,Bioorg Med Chem Lett (2023) [CHEMBL5365402]
B22,CHEMBL32749,Ferulic acid,standard_value es nulo (sin valor cuantitativo),CHEMBL5365774,Bioorg Med Chem Lett (2023) [CHEMBL5365402]
B22,CHEMBL32749,Ferulic acid,standard_value es nulo (sin valor cuantitativo),CHEMBL5365775,Bioorg Med Chem Lett (2023) [CHEMBL5365402]
B22,CHEMBL32749,Ferulic acid,standard_value es nulo (sin valor cuantitativo),CHEMBL5365776,Bioorg Med Chem Lett (2023) [CHEMBL5365402]
B22,CHEMBL32749,Ferulic acid,standard_value es nulo (sin valor cuantitativo),CHEMBL5365777,Bioorg Med Chem Lett (2023) [CHEMBL5365402]
B22,CHEMBL32749,Ferulic acid,standard_value es nulo (sin valor cuantitativo),CHEMBL5365778,Bioorg Med Chem Lett (2023) [CHEMBL5365402]
B22,CHEMBL32749,Ferulic acid,standard_value es nulo (sin valor cuantitativo),CHEMBL5365779,Bioorg Med Chem Lett (2023) [CHEMBL5365402]
B22,CHEMBL32749,Ferulic acid,standard_value es nulo (sin valor cuantitativo),CHEMBL5365780,Bioorg Med Chem Lett (2023) [CHEMBL5365402]
B22,CHEMBL32749,Ferulic acid,standard_value es nulo (sin valor cuantitativo),CHEMBL5365781,Bioorg Med Chem Lett (2023) [CHEMBL5365402]
A06,CHEMBL692,Glycerol,standard_value es nulo (sin valor cuantitativo),CHEMBL1697778,Chem Res Toxicol (2010) [CHEMBL1697731]
A06,CHEMBL692,Glycerol,standard_value es nulo (sin valor cuantitativo),CHEMBL1697779,Chem Res Toxicol (2010) [CHEMBL1697731]
A06,CHEMBL692,Glycerol,standard_value es nulo (sin valor cuantitativo),CHEMBL1697780,Chem Res Toxicol (2010) [CHEMBL1697731]
A06,CHEMBL692,Glycerol,standard_value es nulo (sin valor cuantitativo),CHEMBL1697855,Toxicol Mech Methods (2008) [CHEMBL1697821]
A06,CHEMBL692,Glycerol,standard_value es nulo (sin valor cuantitativo),CHEMBL2076221,Br J Pharmacol (2004) [CHEMBL2074473]
A06,CHEMBL692,Glycerol,standard_value es nulo (sin valor cuantitativo),CHEMBL2149697,Bioorg Med Chem (2011) [CHEMBL2146357]
A06,CHEMBL692,Glycerol,standard_value es nulo (sin valor cuantitativo),CHEMBL2149698,Bioorg Med Chem (2011) [CHEMBL2146357]
A06,CHEMBL692,Glycerol,standard_value es nulo (sin valor cuantitativo),CHEMBL2149699,Bioorg Med Chem (2011) [CHEMBL2146357]
A06,CHEMBL692,Glycerol,standard_value es nulo (sin valor cuantitativo),CHEMBL5638598,J Nat Prod (2024) [CHEMBL5634177]
A06,CHEMBL692,Glycerol,standard_value es nulo (sin valor cuantitativo),CHEMBL5638599,J Nat Prod (2024) [CHEMBL5634177]
A06,CHEMBL692,Glycerol,standard_value es nulo (sin valor cuantitativo),CHEMBL5638600,J Nat Prod (2024) [CHEMBL5634177]
A10,CHEMBL158766,4-Methylcatechol,standard_value es nulo (sin valor cuantitativo),CHEMBL3124066,J Nat Prod (2014) [CHEMBL3120059]
A10,CHEMBL158766,4-Methylcatechol,standard_value es nulo (sin valor cuantitativo),CHEMBL3124070,J Nat Prod (2014) [CHEMBL3120059]
A10,CHEMBL158766,4-Methylcatechol,standard_value es nulo (sin valor cuantitativo),CHEMBL3124071,J Nat Prod (2014) [CHEMBL3120059]
A10,CHEMBL158766,4-Methylcatechol,standard_value es nulo (sin valor cuantitativo),CHEMBL3124072,J Nat Prod (2014) [CHEMBL3120059]
A10,CHEMBL158766,4-Methylcatechol,standard_value es nulo (sin valor cuantitativo),CHEMBL3630278,J Med Chem (2015) [CHEMBL3627662]
A10,CHEMBL158766,4-Methylcatechol,standard_value es nulo (sin valor cuantitativo),CHEMBL3630281,J Med Chem (2015) [CHEMBL3627662]
A13,CHEMBL109652,"2,6-Dimethoxyphenol",standard_value es nulo (sin valor cuantitativo),CHEMBL3078775,Crop Prot (2013) [CHEMBL3044718]
A13,CHEMBL109652,"2,6-Dimethoxyphenol",standard_value es nulo (sin valor cuantitativo),CHEMBL3078776,Crop Prot (2013) [CHEMBL3044718]
A13,CHEMBL109652,"2,6-Dimethoxyphenol",standard_value es nulo (sin valor cuantitativo),CHEMBL3078781,Crop Prot (2013) [CHEMBL3044718]
A13,CHEMBL109652,"2,6-Dimethoxyphenol",standard_value es nulo (sin valor cuantitativo),CHEMBL3078661,Crop Prot (2013) [CHEMBL3044718]
A13,CHEMBL109652,"2,6-Dimethoxyphenol",standard_value es nulo (sin valor cuantitativo),CHEMBL3078663,Crop Prot (2013) [CHEMBL3044718]
A13,CHEMBL109652,"2,6-Dimethoxyphenol",standard_value es nulo (sin valor cuantitativo),CHEMBL3078668,Crop Prot (2013) [CHEMBL3044718]
A15,CHEMBL307145,Pyrogallol,standard_value es nulo (sin valor cuantitativo),CHEMBL1014036,J Nat Prod (2002) [CHEMBL1150665]
A15,CHEMBL307145,Pyrogallol,standard_value es nulo (sin valor cuantitativo),CHEMBL1177441,Bioorg Med Chem (2010) [CHEMBL1177689]
A15,CHEMBL307145,Pyrogallol,standard_value es nulo (sin valor cuantitativo),CHEMBL1909212,None (None) [CHEMBL1909046]
A15,CHEMBL307145,Pyrogallol,standard_value es nulo (sin valor cuantitativo),CHEMBL1909212,None (None) [CHEMBL1909046]
A15,CHEMBL307145,Pyrogallol,standard_value es nulo (sin valor cuantitativo),CHEMBL1909213,None (None) [CHEMBL1909046]
A15,CHEMBL307145,Pyrogallol,standard_value es nulo (sin valor cuantitativo),CHEMBL1909213,None (None) [CHEMBL1909046]
A15,CHEMBL307145,Pyrogallol,standard_value es nulo (sin valor cuantitativo),CHEMBL1909214,None (None) [CHEMBL1909046]
A15,CHEMBL307145,Pyrogallol,standard_value es nulo (sin valor cuantitativo),CHEMBL1909214,None (None) [CHEMBL1909046]
A15,CHEMBL307145,Pyrogallol,standard_value es nulo (sin valor cuantitativo),CHEMBL1909215,None (None) [CHEMBL1909046]
A15,CHEMBL307145,Pyrogallol,standard_value es nulo (sin valor cuantitativo),CHEMBL1909215,None (None) [CHEMBL1909046]
A15,CHEMBL307145,Pyrogallol,standard_value es nulo (sin valor cuantitativo),CHEMBL1909084,None (None) [CHEMBL1909046]
A15,CHEMBL307145,Pyrogallol,standard_value es nulo (sin valor cuantitativo),CHEMBL1909084,None (None) [CHEMBL1909046]
A15,CHEMBL307145,Pyrogallol,standard_value es nulo (sin valor cuantitativo),CHEMBL1909085,None (None) [CHEMBL1909046]
A15,CHEMBL307145,Pyrogallol,standard_value es nulo (sin valor cuantitativo),CHEMBL1909085,None (None) [CHEMBL1909046]
A15,CHEMBL307145,Pyrogallol,standard_value es nulo (sin valor cuantitativo),CHEMBL1909086,None (None) [CHEMBL1909046]
A15,CHEMBL307145,Pyrogallol,standard_value es nulo (sin valor cuantitativo),CHEMBL1909086,None (None) [CHEMBL1909046]
A15,CHEMBL307145,Pyrogallol,standard_value es nulo (sin valor cuantitativo),CHEMBL1909087,None (None) [CHEMBL1909046]
A15,CHEMBL307145,Pyrogallol,standard_value es nulo (sin valor cuantitativo),CHEMBL1909087,None (None) [CHEMBL1909046]
A15,CHEMBL307145,Pyrogallol,standard_value es nulo (sin valor cuantitativo),CHEMBL1909088,None (None) [CHEMBL1909046]
A15,CHEMBL307145,Pyrogallol,standard_value es nulo (sin valor cuantitativo),CHEMBL1909088,None (None) [CHEMBL1909046]
A15,CHEMBL307145,Pyrogallol,standard_value es nulo (sin valor cuantitativo),CHEMBL1909089,None (None) [CHEMBL1909046]
A15,CHEMBL307145,Pyrogallol,standard_value es nulo (sin valor cuantitativo),CHEMBL1909089,None (None) [CHEMBL1909046]
A15,CHEMBL307145,Pyrogallol,standard_value es nulo (sin valor cuantitativo),CHEMBL1909090,None (None) [CHEMBL1909046]
A15,CHEMBL307145,Pyrogallol,standard_value es nulo (sin valor cuantitativo),CHEMBL1909090,None (None) [CHEMBL1909046]
A15,CHEMBL307145,Pyrogallol,standard_value es nulo (sin valor cuantitativo),CHEMBL1909091,None (None) [CHEMBL1909046]
A15,CHEMBL307145,Pyrogallol,standard_value es nulo (sin valor cuantitativo),CHEMBL1909091,None (None) [CHEMBL1909046]
A15,CHEMBL307145,Pyrogallol,standard_value es nulo (sin valor cuantitativo),CHEMBL1909092,None (None) [CHEMBL1909046]
A15,CHEMBL307145,Pyrogallol,standard_value es nulo (sin valor cuantitativo),CHEMBL1909092,None (None) [CHEMBL1909046]
A15,CHEMBL307145,Pyrogallol,standard_value es nulo (sin valor cuantitativo),CHEMBL1909093,None (None) [CHEMBL1909046]
A15,CHEMBL307145,Pyrogallol,standard_value es nulo (sin valor cuantitativo),CHEMBL1909093,None (None) [CHEMBL1909046]
A15,CHEMBL307145,Pyrogallol,standard_value es nulo (sin valor cuantitativo),CHEMBL1909094,None (None) [CHEMBL1909046]
A15,CHEMBL307145,Pyrogallol,standard_value es nulo (sin valor cuantitativo),CHEMBL1909094,None (None) [CHEMBL1909046]
A15,CHEMBL307145,Pyrogallol,standard_value es nulo (sin valor cuantitativo),CHEMBL1909095,None (None) [CHEMBL1909046]
A15,CHEMBL307145,Pyrogallol,standard_value es nulo (sin valor cuantitativo),CHEMBL1909095,None (None) [CHEMBL1909046]
A15,CHEMBL307145,Pyrogallol,standard_value es nulo (sin valor cuantitativo),CHEMBL1909096,None (None) [CHEMBL1909046]
A15,CHEMBL307145,Pyrogallol,standard_value es nulo (sin valor cuantitativo),CHEMBL1909096,None (None) [CHEMBL1909046]
A15,CHEMBL307145,Pyrogallol,standard_value es nulo (sin valor cuantitativo),CHEMBL1909097,None (None) [CHEMBL1909046]
A15,CHEMBL307145,Pyrogallol,standard_value es nulo (sin valor cuantitativo),CHEMBL1909097,None (None) [CHEMBL1909046]
A15,CHEMBL307145,Pyrogallol,standard_value es nulo (sin valor cuantitativo),CHEMBL1909098,None (None) [CHEMBL1909046]
A15,CHEMBL307145,Pyrogallol,standard_value es nulo (sin valor cuantitativo),CHEMBL1909098,None (None) [CHEMBL1909046]
A15,CHEMBL307145,Pyrogallol,standard_value es nulo (sin valor cuantitativo),CHEMBL1909099,None (None) [CHEMBL1909046]
A15,CHEMBL307145,Pyrogallol,standard_value es nulo (sin valor cuantitativo),CHEMBL1909099,None (None) [CHEMBL1909046]
A15,CHEMBL307145,Pyrogallol,standard_value es nulo (sin valor cuantitativo),CHEMBL1909100,None (None) [CHEMBL1909046]
A15,CHEMBL307145,Pyrogallol,standard_value es nulo (sin valor cuantitativo),CHEMBL1909100,None (None) [CHEMBL1909046]
A15,CHEMBL307145,Pyrogallol,standard_value es nulo (sin valor cuantitativo),CHEMBL1909101,None (None) [CHEMBL1909046]
A15,CHEMBL307145,Pyrogallol,standard_value es nulo (sin valor cuantitativo),CHEMBL1909101,None (None) [CHEMBL1909046]
A15,CHEMBL307145,Pyrogallol,standard_value es nulo (sin valor cuantitativo),CHEMBL1909102,None (None) [CHEMBL1909046]
A15,CHEMBL307145,Pyrogallol,standard_value es nulo (sin valor cuantitativo),CHEMBL1909102,None (None) [CHEMBL1909046]
A15,CHEMBL307145,Pyrogallol,standard_value es nulo (sin valor cuantitativo),CHEMBL1909103,None (None) [CHEMBL1909046]
A15,CHEMBL307145,Pyrogallol,standard_value es nulo (sin valor cuantitativo),CHEMBL1909103,None (None) [CHEMBL1909046]
A15,CHEMBL307145,Pyrogallol,standard_value es nulo (sin valor cuantitativo),CHEMBL1909121,None (None) [CHEMBL1909046]
A15,CHEMBL307145,Pyrogallol,standard_value es nulo (sin valor cuantitativo),CHEMBL1909121,None (None) [CHEMBL1909046]
A15,CHEMBL307145,Pyrogallol,standard_value es nulo (sin valor cuantitativo),CHEMBL1909122,None (None) [CHEMBL1909046]
A15,CHEMBL307145,Pyrogallol,standard_value es nulo (sin valor cuantitativo),CHEMBL1909122,None (None) [CHEMBL1909046]
A15,CHEMBL307145,Pyrogallol,standard_value es nulo (sin valor cuantitativo),CHEMBL1909123,None (None) [CHEMBL1909046]
A15,CHEMBL307145,Pyrogallol,standard_value es nulo (sin valor cuantitativo),CHEMBL1909123,None (None) [CHEMBL1909046]
A15,CHEMBL307145,Pyrogallol,standard_value es nulo (sin valor cuantitativo),CHEMBL1909124,None (None) [CHEMBL1909046]
A15,CHEMBL307145,Pyrogallol,standard_value es nulo (sin valor cuantitativo),CHEMBL1909124,None (None) [CHEMBL1909046]
A15,CHEMBL307145,Pyrogallol,standard_value es nulo (sin valor cuantitativo),CHEMBL1909125,None (None) [CHEMBL1909046]
A15,CHEMBL307145,Pyrogallol,standard_value es nulo (sin valor cuantitativo),CHEMBL1909125,None (None) [CHEMBL1909046]
A15,CHEMBL307145,Pyrogallol,standard_value es nulo (sin valor cuantitativo),CHEMBL1909126,None (None) [CHEMBL1909046]
A15,CHEMBL307145,Pyrogallol,standard_value es nulo (sin valor cuantitativo),CHEMBL1909126,None (None) [CHEMBL1909046]
A15,CHEMBL307145,Pyrogallol,standard_value es nulo (sin valor cuantitativo),CHEMBL1909127,None (None) [CHEMBL1909046]
A15,CHEMBL307145,Pyrogallol,standard_value es nulo (sin valor cuantitativo),CHEMBL1909127,None (None) [CHEMBL1909046]
A15,CHEMBL307145,Pyrogallol,standard_value es nulo (sin valor cuantitativo),CHEMBL1909128,None (None) [CHEMBL1909046]
A15,CHEMBL307145,Pyrogallol,standard_value es nulo (sin valor cuantitativo),CHEMBL1909128,None (None) [CHEMBL1909046]
A15,CHEMBL307145,Pyrogallol,standard_value es nulo (sin valor cuantitativo),CHEMBL1909129,None (None) [CHEMBL1909046]
A15,CHEMBL307145,Pyrogallol,standard_value es nulo (sin valor cuantitativo),CHEMBL1909129,None (None) [CHEMBL1909046]
A15,CHEMBL307145,Pyrogallol,standard_value es nulo (sin valor cuantitativo),CHEMBL1909130,None (None) [CHEMBL1909046]
A15,CHEMBL307145,Pyrogallol,standard_value es nulo (sin valor cuantitativo),CHEMBL1909130,None (None) [CHEMBL1909046]
A15,CHEMBL307145,Pyrogallol,standard_value es nulo (sin valor cuantitativo),CHEMBL1909131,None (None) [CHEMBL1909046]
A15,CHEMBL307145,Pyrogallol,standard_value es nulo (sin valor cuantitativo),CHEMBL1909131,None (None) [CHEMBL1909046]
A15,CHEMBL307145,Pyrogallol,standard_value es nulo (sin valor cuantitativo),CHEMBL1909132,None (None) [CHEMBL1909046]
A15,CHEMBL307145,Pyrogallol,standard_value es nulo (sin valor cuantitativo),CHEMBL1909132,None (None) [CHEMBL1909046]
A15,CHEMBL307145,Pyrogallol,standard_value es nulo (sin valor cuantitativo),CHEMBL1909133,None (None) [CHEMBL1909046]
A15,CHEMBL307145,Pyrogallol,standard_value es nulo (sin valor cuantitativo),CHEMBL1909133,None (None) [CHEMBL1909046]
A15,CHEMBL307145,Pyrogallol,standard_value es nulo (sin valor cuantitativo),CHEMBL1909134,None (None) [CHEMBL1909046]
A15,CHEMBL307145,Pyrogallol,standard_value es nulo (sin valor cuantitativo),CHEMBL1909134,None (None) [CHEMBL1909046]
A15,CHEMBL307145,Pyrogallol,standard_value es nulo (sin valor cuantitativo),CHEMBL1909135,None (None) [CHEMBL1909046]
A15,CHEMBL307145,Pyrogallol,standard_value es nulo (sin valor cuantitativo),CHEMBL1909135,None (None) [CHEMBL1909046]
A15,CHEMBL307145,Pyrogallol,standard_value es nulo (sin valor cuantitativo),CHEMBL1909136,None (None) [CHEMBL1909046]
A15,CHEMBL307145,Pyrogallol,standard_value es nulo (sin valor cuantitativo),CHEMBL1909136,None (None) [CHEMBL1909046]
A15,CHEMBL307145,Pyrogallol,standard_value es nulo (sin valor cuantitativo),CHEMBL1909137,None (None) [CHEMBL1909046]
A15,CHEMBL307145,Pyrogallol,standard_value es nulo (sin valor cuantitativo),CHEMBL1909137,None (None) [CHEMBL1909046]
A15,CHEMBL307145,Pyrogallol,standard_value es nulo (sin valor cuantitativo),CHEMBL1909138,None (None) [CHEMBL1909046]
A15,CHEMBL307145,Pyrogallol,standard_value es nulo (sin valor cuantitativo),CHEMBL1909138,None (None) [CHEMBL1909046]
A15,CHEMBL307145,Pyrogallol,standard_value es nulo (sin valor cuantitativo),CHEMBL1909139,None (None) [CHEMBL1909046]
A15,CHEMBL307145,Pyrogallol,standard_value es nulo (sin valor cuantitativo),CHEMBL1909139,None (None) [CHEMBL1909046]
A15,CHEMBL307145,Pyrogallol,standard_value es nulo (sin valor cuantitativo),CHEMBL1909140,None (None) [CHEMBL1909046]
A15,CHEMBL307145,Pyrogallol,standard_value es nulo (sin valor cuantitativo),CHEMBL1909140,None (None) [CHEMBL1909046]
A15,CHEMBL307145,Pyrogallol,standard_value es nulo (sin valor cuantitativo),CHEMBL1909141,None (None) [CHEMBL1909046]
A15,CHEMBL307145,Pyrogallol,standard_value es nulo (sin valor cuantitativo),CHEMBL1909141,None (None) [CHEMBL1909046]
A15,CHEMBL307145,Pyrogallol,standard_value es nulo (sin valor cuantitativo),CHEMBL1909142,None (None) [CHEMBL1909046]
A15,CHEMBL307145,Pyrogallol,standard_value es nulo (sin valor cuantitativo),CHEMBL1909142,None (None) [CHEMBL1909046]
A15,CHEMBL307145,Pyrogallol,standard_value es nulo (sin valor cuantitativo),CHEMBL1909143,None (None) [CHEMBL1909046]
A15,CHEMBL307145,Pyrogallol,standard_value es nulo (sin valor cuantitativo),CHEMBL1909143,None (None) [CHEMBL1909046]
A15,CHEMBL307145,Pyrogallol,standard_value es nulo (sin valor cuantitativo),CHEMBL1909144,None (None) [CHEMBL1909046]
A15,CHEMBL307145,Pyrogallol,standard_value es nulo (sin valor cuantitativo),CHEMBL1909144,None (None) [CHEMBL1909046]
A15,CHEMBL307145,Pyrogallol,standard_value es nulo (sin valor cuantitativo),CHEMBL1909145,None (None) [CHEMBL1909046]
A15,CHEMBL307145,Pyrogallol,standard_value es nulo (sin valor cuantitativo),CHEMBL1909145,None (None) [CHEMBL1909046]
A15,CHEMBL307145,Pyrogallol,standard_value es nulo (sin valor cuantitativo),CHEMBL1909146,None (None) [CHEMBL1909046]
A15,CHEMBL307145,Pyrogallol,standard_value es nulo (sin valor cuantitativo),CHEMBL1909146,None (None) [CHEMBL1909046]
A15,CHEMBL307145,Pyrogallol,standard_value es nulo (sin valor cuantitativo),CHEMBL1909147,None (None) [CHEMBL1909046]
A15,CHEMBL307145,Pyrogallol,standard_value es nulo (sin valor cuantitativo),CHEMBL1909147,None (None) [CHEMBL1909046]
A15,CHEMBL307145,Pyrogallol,standard_value es nulo (sin valor cuantitativo),CHEMBL1909148,None (None) [CHEMBL1909046]
A15,CHEMBL307145,Pyrogallol,standard_value es nulo (sin valor cuantitativo),CHEMBL1909148,None (None) [CHEMBL1909046]
A15,CHEMBL307145,Pyrogallol,standard_value es nulo (sin valor cuantitativo),CHEMBL1909149,None (None) [CHEMBL1909046]
A15,CHEMBL307145,Pyrogallol,standard_value es nulo (sin valor cuantitativo),CHEMBL1909149,None (None) [CHEMBL1909046]
A15,CHEMBL307145,Pyrogallol,standard_value es nulo (sin valor cuantitativo),CHEMBL1909150,None (None) [CHEMBL1909046]
A15,CHEMBL307145,Pyrogallol,standard_value es nulo (sin valor cuantitativo),CHEMBL1909150,None (None) [CHEMBL1909046]
A15,CHEMBL307145,Pyrogallol,standard_value es nulo (sin valor cuantitativo),CHEMBL1909151,None (None) [CHEMBL1909046]
A15,CHEMBL307145,Pyrogallol,standard_value es nulo (sin valor cuantitativo),CHEMBL1909151,None (None) [CHEMBL1909046]
A15,CHEMBL307145,Pyrogallol,standard_value es nulo (sin valor cuantitativo),CHEMBL1909152,None (None) [CHEMBL1909046]
A15,CHEMBL307145,Pyrogallol,standard_value es nulo (sin valor cuantitativo),CHEMBL1909152,None (None) [CHEMBL1909046]
A15,CHEMBL307145,Pyrogallol,standard_value es nulo (sin valor cuantitativo),CHEMBL1909153,None (None) [CHEMBL1909046]
A15,CHEMBL307145,Pyrogallol,standard_value es nulo (sin valor cuantitativo),CHEMBL1909153,None (None) [CHEMBL1909046]
A15,CHEMBL307145,Pyrogallol,standard_value es nulo (sin valor cuantitativo),CHEMBL1909154,None (None) [CHEMBL1909046]
A15,CHEMBL307145,Pyrogallol,standard_value es nulo (sin valor cuantitativo),CHEMBL1909154,None (None) [CHEMBL1909046]
A15,CHEMBL307145,Pyrogallol,standard_value es nulo (sin valor cuantitativo),CHEMBL1909155,None (None) [CHEMBL1909046]
A15,CHEMBL307145,Pyrogallol,standard_value es nulo (sin valor cuantitativo),CHEMBL1909155,None (None) [CHEMBL1909046]
A15,CHEMBL307145,Pyrogallol,standard_value es nulo (sin valor cuantitativo),CHEMBL1909156,None (None) [CHEMBL1909046]
A15,CHEMBL307145,Pyrogallol,standard_value es nulo (sin valor cuantitativo),CHEMBL1909156,None (None) [CHEMBL1909046]
A15,CHEMBL307145,Pyrogallol,standard_value es nulo (sin valor cuantitativo),CHEMBL1909157,None (None) [CHEMBL1909046]
A15,CHEMBL307145,Pyrogallol,standard_value es nulo (sin valor cuantitativo),CHEMBL1909157,None (None) [CHEMBL1909046]
A15,CHEMBL307145,Pyrogallol,standard_value es nulo (sin valor cuantitativo),CHEMBL1909158,None (None) [CHEMBL1909046]
A15,CHEMBL307145,Pyrogallol,standard_value es nulo (sin valor cuantitativo),CHEMBL1909158,None (None) [CHEMBL1909046]
A15,CHEMBL307145,Pyrogallol,standard_value es nulo (sin valor cuantitativo),CHEMBL1909159,None (None) [CHEMBL1909046]
A15,CHEMBL307145,Pyrogallol,standard_value es nulo (sin valor cuantitativo),CHEMBL1909159,None (None) [CHEMBL1909046]
A15,CHEMBL307145,Pyrogallol,standard_value es nulo (sin valor cuantitativo),CHEMBL1909160,None (None) [CHEMBL1909046]
A15,CHEMBL307145,Pyrogallol,standard_value es nulo (sin valor cuantitativo),CHEMBL1909160,None (None) [CHEMBL1909046]
A15,CHEMBL307145,Pyrogallol,standard_value es nulo (sin valor cuantitativo),CHEMBL1909161,None (None) [CHEMBL1909046]
A15,CHEMBL307145,Pyrogallol,standard_value es nulo (sin valor cuantitativo),CHEMBL1909161,None (None) [CHEMBL1909046]
A15,CHEMBL307145,Pyrogallol,standard_value es nulo (sin valor cuantitativo),CHEMBL1909162,None (None) [CHEMBL1909046]
A15,CHEMBL307145,Pyrogallol,standard_value es nulo (sin valor cuantitativo),CHEMBL1909162,None (None) [CHEMBL1909046]
A15,CHEMBL307145,Pyrogallol,standard_value es nulo (sin valor cuantitativo),CHEMBL1909163,None (None) [CHEMBL1909046]
A15,CHEMBL307145,Pyrogallol,standard_value es nulo (sin valor cuantitativo),CHEMBL1909163,None (None) [CHEMBL1909046]
A15,CHEMBL307145,Pyrogallol,standard_value es nulo (sin valor cuantitativo),CHEMBL1909164,None (None) [CHEMBL1909046]
A15,CHEMBL307145,Pyrogallol,standard_value es nulo (sin valor cuantitativo),CHEMBL1909164,None (None) [CHEMBL1909046]
A15,CHEMBL307145,Pyrogallol,standard_value es nulo (sin valor cuantitativo),CHEMBL1909165,None (None) [CHEMBL1909046]
A15,CHEMBL307145,Pyrogallol,standard_value es nulo (sin valor cuantitativo),CHEMBL1909166,None (None) [CHEMBL1909046]
A15,CHEMBL307145,Pyrogallol,standard_value es nulo (sin valor cuantitativo),CHEMBL1909166,None (None) [CHEMBL1909046]
A15,CHEMBL307145,Pyrogallol,standard_value es nulo (sin valor cuantitativo),CHEMBL1909167,None (None) [CHEMBL1909046]
A15,CHEMBL307145,Pyrogallol,standard_value es nulo (sin valor cuantitativo),CHEMBL1909167,None (None) [CHEMBL1909046]
A15,CHEMBL307145,Pyrogallol,standard_value es nulo (sin valor cuantitativo),CHEMBL1909168,None (None) [CHEMBL1909046]
A15,CHEMBL307145,Pyrogallol,standard_value es nulo (sin valor cuantitativo),CHEMBL1909168,None (None) [CHEMBL1909046]
A15,CHEMBL307145,Pyrogallol,standard_value es nulo (sin valor cuantitativo),CHEMBL1909169,None (None) [CHEMBL1909046]
A15,CHEMBL307145,Pyrogallol,standard_value es nulo (sin valor cuantitativo),CHEMBL1909169,None (None) [CHEMBL1909046]
A15,CHEMBL307145,Pyrogallol,standard_value es nulo (sin valor cuantitativo),CHEMBL1909170,None (None) [CHEMBL1909046]
A15,CHEMBL307145,Pyrogallol,standard_value es nulo (sin valor cuantitativo),CHEMBL1909170,None (None) [CHEMBL1909046]
A15,CHEMBL307145,Pyrogallol,standard_value es nulo (sin valor cuantitativo),CHEMBL1909171,None (None) [CHEMBL1909046]
A15,CHEMBL307145,Pyrogallol,standard_value es nulo (sin valor cuantitativo),CHEMBL1909171,None (None) [CHEMBL1909046]
A15,CHEMBL307145,Pyrogallol,standard_value es nulo (sin valor cuantitativo),CHEMBL1909172,None (None) [CHEMBL1909046]
A15,CHEMBL307145,Pyrogallol,standard_value es nulo (sin valor cuantitativo),CHEMBL1909172,None (None) [CHEMBL1909046]
A15,CHEMBL307145,Pyrogallol,standard_value es nulo (sin valor cuantitativo),CHEMBL1909173,None (None) [CHEMBL1909046]
A15,CHEMBL307145,Pyrogallol,standard_value es nulo (sin valor cuantitativo),CHEMBL1909173,None (None) [CHEMBL1909046]
A15,CHEMBL307145,Pyrogallol,standard_value es nulo (sin valor cuantitativo),CHEMBL1909174,None (None) [CHEMBL1909046]
A15,CHEMBL307145,Pyrogallol,standard_value es nulo (sin valor cuantitativo),CHEMBL1909174,None (None) [CHEMBL1909046]
A15,CHEMBL307145,Pyrogallol,standard_value es nulo (sin valor cuantitativo),CHEMBL1909175,None (None) [CHEMBL1909046]
A15,CHEMBL307145,Pyrogallol,standard_value es nulo (sin valor cuantitativo),CHEMBL1909175,None (None) [CHEMBL1909046]
A15,CHEMBL307145,Pyrogallol,standard_value es nulo (sin valor cuantitativo),CHEMBL1909176,None (None) [CHEMBL1909046]
A15,CHEMBL307145,Pyrogallol,standard_value es nulo (sin valor cuantitativo),CHEMBL1909176,None (None) [CHEMBL1909046]
A15,CHEMBL307145,Pyrogallol,standard_value es nulo (sin valor cuantitativo),CHEMBL1909177,None (None) [CHEMBL1909046]
A15,CHEMBL307145,Pyrogallol,standard_value es nulo (sin valor cuantitativo),CHEMBL1909177,None (None) [CHEMBL1909046]
A15,CHEMBL307145,Pyrogallol,standard_value es nulo (sin valor cuantitativo),CHEMBL1909178,None (None) [CHEMBL1909046]
A15,CHEMBL307145,Pyrogallol,standard_value es nulo (sin valor cuantitativo),CHEMBL1909178,None (None) [CHEMBL1909046]
A15,CHEMBL307145,Pyrogallol,standard_value es nulo (sin valor cuantitativo),CHEMBL1909179,None (None) [CHEMBL1909046]
A15,CHEMBL307145,Pyrogallol,standard_value es nulo (sin valor cuantitativo),CHEMBL1909179,None (None) [CHEMBL1909046]
A15,CHEMBL307145,Pyrogallol,standard_value es nulo (sin valor cuantitativo),CHEMBL1909180,None (None) [CHEMBL1909046]
A15,CHEMBL307145,Pyrogallol,standard_value es nulo (sin valor cuantitativo),CHEMBL1909180,None (None) [CHEMBL1909046]
A15,CHEMBL307145,Pyrogallol,standard_value es nulo (sin valor cuantitativo),CHEMBL1909181,None (None) [CHEMBL1909046]
A15,CHEMBL307145,Pyrogallol,standard_value es nulo (sin valor cuantitativo),CHEMBL1909181,None (None) [CHEMBL1909046]
A15,CHEMBL307145,Pyrogallol,standard_value es nulo (sin valor cuantitativo),CHEMBL1909182,None (None) [CHEMBL1909046]
A15,CHEMBL307145,Pyrogallol,standard_value es nulo (sin valor cuantitativo),CHEMBL1909182,None (None) [CHEMBL1909046]
A15,CHEMBL307145,Pyrogallol,standard_value es nulo (sin valor cuantitativo),CHEMBL1909183,None (None) [CHEMBL1909046]
A15,CHEMBL307145,Pyrogallol,standard_value es nulo (sin valor cuantitativo),CHEMBL1909183,None (None) [CHEMBL1909046]
A15,CHEMBL307145,Pyrogallol,standard_value es nulo (sin valor cuantitativo),CHEMBL1909184,None (None) [CHEMBL1909046]
A15,CHEMBL307145,Pyrogallol,standard_value es nulo (sin valor cuantitativo),CHEMBL1909184,None (None) [CHEMBL1909046]
A15,CHEMBL307145,Pyrogallol,standard_value es nulo (sin valor cuantitativo),CHEMBL1909185,None (None) [CHEMBL1909046]
A15,CHEMBL307145,Pyrogallol,standard_value es nulo (sin valor cuantitativo),CHEMBL1909185,None (None) [CHEMBL1909046]
A15,CHEMBL307145,Pyrogallol,standard_value es nulo (sin valor cuantitativo),CHEMBL1909186,None (None) [CHEMBL1909046]
A15,CHEMBL307145,Pyrogallol,standard_value es nulo (sin valor cuantitativo),CHEMBL1909186,None (None) [CHEMBL1909046]
A15,CHEMBL307145,Pyrogallol,standard_value es nulo (sin valor cuantitativo),CHEMBL1909187,None (None) [CHEMBL1909046]
A15,CHEMBL307145,Pyrogallol,standard_value es nulo (sin valor cuantitativo),CHEMBL1909187,None (None) [CHEMBL1909046]
A15,CHEMBL307145,Pyrogallol,standard_value es nulo (sin valor cuantitativo),CHEMBL1909188,None (None) [CHEMBL1909046]
A15,CHEMBL307145,Pyrogallol,standard_value es nulo (sin valor cuantitativo),CHEMBL1909188,None (None) [CHEMBL1909046]
A15,CHEMBL307145,Pyrogallol,standard_value es nulo (sin valor cuantitativo),CHEMBL1909189,None (None) [CHEMBL1909046]
A15,CHEMBL307145,Pyrogallol,standard_value es nulo (sin valor cuantitativo),CHEMBL1909189,None (None) [CHEMBL1909046]
A15,CHEMBL307145,Pyrogallol,standard_value es nulo (sin valor cuantitativo),CHEMBL1909190,None (None) [CHEMBL1909046]
A15,CHEMBL307145,Pyrogallol,standard_value es nulo (sin valor cuantitativo),CHEMBL1909190,None (None) [CHEMBL1909046]
A15,CHEMBL307145,Pyrogallol,standard_value es nulo (sin valor cuantitativo),CHEMBL1909191,None (None) [CHEMBL1909046]
A15,CHEMBL307145,Pyrogallol,standard_value es nulo (sin valor cuantitativo),CHEMBL1909191,None (None) [CHEMBL1909046]
A15,CHEMBL307145,Pyrogallol,standard_value es nulo (sin valor cuantitativo),CHEMBL1909192,None (None) [CHEMBL1909046]
A15,CHEMBL307145,Pyrogallol,standard_value es nulo (sin valor cuantitativo),CHEMBL1909192,None (None) [CHEMBL1909046]
A15,CHEMBL307145,Pyrogallol,standard_value es nulo (sin valor cuantitativo),CHEMBL1909193,None (None) [CHEMBL1909046]
A15,CHEMBL307145,Pyrogallol,standard_value es nulo (sin valor cuantitativo),CHEMBL1909193,None (None) [CHEMBL1909046]
A15,CHEMBL307145,Pyrogallol,standard_value es nulo (sin valor cuantitativo),CHEMBL1909194,None (None) [CHEMBL1909046]
A15,CHEMBL307145,Pyrogallol,standard_value es nulo (sin valor cuantitativo),CHEMBL1909194,None (None) [CHEMBL1909046]
A15,CHEMBL307145,Pyrogallol,standard_value es nulo (sin valor cuantitativo),CHEMBL1909195,None (None) [CHEMBL1909046]
A15,CHEMBL307145,Pyrogallol,standard_value es nulo (sin valor cuantitativo),CHEMBL1909195,None (None) [CHEMBL1909046]
A15,CHEMBL307145,Pyrogallol,standard_value es nulo (sin valor cuantitativo),CHEMBL1909196,None (None) [CHEMBL1909046]
A15,CHEMBL307145,Pyrogallol,standard_value es nulo (sin valor cuantitativo),CHEMBL1909196,None (None) [CHEMBL1909046]
A15,CHEMBL307145,Pyrogallol,standard_value es nulo (sin valor cuantitativo),CHEMBL1909197,None (None) [CHEMBL1909046]
A15,CHEMBL307145,Pyrogallol,standard_value es nulo (sin valor cuantitativo),CHEMBL1909197,None (None) [CHEMBL1909046]
A15,CHEMBL307145,Pyrogallol,standard_value es nulo (sin valor cuantitativo),CHEMBL1909198,None (None) [CHEMBL1909046]
A15,CHEMBL307145,Pyrogallol,standard_value es nulo (sin valor cuantitativo),CHEMBL1909198,None (None) [CHEMBL1909046]
A15,CHEMBL307145,Pyrogallol,standard_value es nulo (sin valor cuantitativo),CHEMBL1909199,None (None) [CHEMBL1909046]
A15,CHEMBL307145,Pyrogallol,standard_value es nulo (sin valor cuantitativo),CHEMBL1909199,None (None) [CHEMBL1909046]
A15,CHEMBL307145,Pyrogallol,standard_value es nulo (sin valor cuantitativo),CHEMBL1909200,None (None) [CHEMBL1909046]
A15,CHEMBL307145,Pyrogallol,standard_value es nulo (sin valor cuantitativo),CHEMBL1909200,None (None) [CHEMBL1909046]
A15,CHEMBL307145,Pyrogallol,standard_value es nulo (sin valor cuantitativo),CHEMBL1909201,None (None) [CHEMBL1909046]
A15,CHEMBL307145,Pyrogallol,standard_value es nulo (sin valor cuantitativo),CHEMBL1909201,None (None) [CHEMBL1909046]
A15,CHEMBL307145,Pyrogallol,standard_value es nulo (sin valor cuantitativo),CHEMBL1909202,None (None) [CHEMBL1909046]
A15,CHEMBL307145,Pyrogallol,standard_value es nulo (sin valor cuantitativo),CHEMBL1909202,None (None) [CHEMBL1909046]
A15,CHEMBL307145,Pyrogallol,standard_value es nulo (sin valor cuantitativo),CHEMBL1909203,None (None) [CHEMBL1909046]
A15,CHEMBL307145,Pyrogallol,standard_value es nulo (sin valor cuantitativo),CHEMBL1909204,None (None) [CHEMBL1909046]
A15,CHEMBL307145,Pyrogallol,standard_value es nulo (sin valor cuantitativo),CHEMBL1909205,None (None) [CHEMBL1909046]
A15,CHEMBL307145,Pyrogallol,standard_value es nulo (sin valor cuantitativo),CHEMBL1909205,None (None) [CHEMBL1909046]
A15,CHEMBL307145,Pyrogallol,standard_value es nulo (sin valor cuantitativo),CHEMBL1909206,None (None) [CHEMBL1909046]
A15,CHEMBL307145,Pyrogallol,standard_value es nulo (sin valor cuantitativo),CHEMBL1909206,None (None) [CHEMBL1909046]
A15,CHEMBL307145,Pyrogallol,standard_value es nulo (sin valor cuantitativo),CHEMBL1909207,None (None) [CHEMBL1909046]
A15,CHEMBL307145,Pyrogallol,standard_value es nulo (sin valor cuantitativo),CHEMBL1909207,None (None) [CHEMBL1909046]
A15,CHEMBL307145,Pyrogallol,standard_value es nulo (sin valor cuantitativo),CHEMBL1909208,None (None) [CHEMBL1909046]
A15,CHEMBL307145,Pyrogallol,standard_value es nulo (sin valor cuantitativo),CHEMBL1909208,None (None) [CHEMBL1909046]
A15,CHEMBL307145,Pyrogallol,standard_value es nulo (sin valor cuantitativo),CHEMBL1909209,None (None) [CHEMBL1909046]
A15,CHEMBL307145,Pyrogallol,standard_value es nulo (sin valor cuantitativo),CHEMBL1909209,None (None) [CHEMBL1909046]
A15,CHEMBL307145,Pyrogallol,standard_value es nulo (sin valor cuantitativo),CHEMBL1909210,None (None) [CHEMBL1909046]
A15,CHEMBL307145,Pyrogallol,standard_value es nulo (sin valor cuantitativo),CHEMBL1909210,None (None) [CHEMBL1909046]
A15,CHEMBL307145,Pyrogallol,standard_value es nulo (sin valor cuantitativo),CHEMBL1909211,None (None) [CHEMBL1909046]
A15,CHEMBL307145,Pyrogallol,standard_value es nulo (sin valor cuantitativo),CHEMBL1909211,None (None) [CHEMBL1909046]
A15,CHEMBL307145,Pyrogallol,standard_value es nulo (sin valor cuantitativo),CHEMBL1909104,None (None) [CHEMBL1909046]
A15,CHEMBL307145,Pyrogallol,standard_value es nulo (sin valor cuantitativo),CHEMBL1909104,None (None) [CHEMBL1909046]
A15,CHEMBL307145,Pyrogallol,standard_value es nulo (sin valor cuantitativo),CHEMBL1909105,None (None) [CHEMBL1909046]
A15,CHEMBL307145,Pyrogallol,standard_value es nulo (sin valor cuantitativo),CHEMBL1909105,None (None) [CHEMBL1909046]
A15,CHEMBL307145,Pyrogallol,standard_value es nulo (sin valor cuantitativo),CHEMBL1909106,None (None) [CHEMBL1909046]
A15,CHEMBL307145,Pyrogallol,standard_value es nulo (sin valor cuantitativo),CHEMBL1909106,None (None) [CHEMBL1909046]
A15,CHEMBL307145,Pyrogallol,standard_value es nulo (sin valor cuantitativo),CHEMBL1909107,None (None) [CHEMBL1909046]
A15,CHEMBL307145,Pyrogallol,standard_value es nulo (sin valor cuantitativo),CHEMBL1909107,None (None) [CHEMBL1909046]
A15,CHEMBL307145,Pyrogallol,standard_value es nulo (sin valor cuantitativo),CHEMBL1909108,None (None) [CHEMBL1909046]
A15,CHEMBL307145,Pyrogallol,standard_value es nulo (sin valor cuantitativo),CHEMBL1909108,None (None) [CHEMBL1909046]
A15,CHEMBL307145,Pyrogallol,standard_value es nulo (sin valor cuantitativo),CHEMBL1909109,None (None) [CHEMBL1909046]
A15,CHEMBL307145,Pyrogallol,standard_value es nulo (sin valor cuantitativo),CHEMBL1909109,None (None) [CHEMBL1909046]
A15,CHEMBL307145,Pyrogallol,standard_value es nulo (sin valor cuantitativo),CHEMBL1909110,None (None) [CHEMBL1909046]
A15,CHEMBL307145,Pyrogallol,standard_value es nulo (sin valor cuantitativo),CHEMBL1909110,None (None) [CHEMBL1909046]
A15,CHEMBL307145,Pyrogallol,standard_value es nulo (sin valor cuantitativo),CHEMBL1909111,None (None) [CHEMBL1909046]
A15,CHEMBL307145,Pyrogallol,standard_value es nulo (sin valor cuantitativo),CHEMBL1909111,None (None) [CHEMBL1909046]
A15,CHEMBL307145,Pyrogallol,standard_value es nulo (sin valor cuantitativo),CHEMBL1909112,None (None) [CHEMBL1909046]
A15,CHEMBL307145,Pyrogallol,standard_value es nulo (sin valor cuantitativo),CHEMBL1909112,None (None) [CHEMBL1909046]
A15,CHEMBL307145,Pyrogallol,standard_value es nulo (sin valor cuantitativo),CHEMBL1909113,None (None) [CHEMBL1909046]
A15,CHEMBL307145,Pyrogallol,standard_value es nulo (sin valor cuantitativo),CHEMBL1909113,None (None) [CHEMBL1909046]
A15,CHEMBL307145,Pyrogallol,standard_value es nulo (sin valor cuantitativo),CHEMBL1909114,None (None) [CHEMBL1909046]
A15,CHEMBL307145,Pyrogallol,standard_value es nulo (sin valor cuantitativo),CHEMBL1909114,None (None) [CHEMBL1909046]
A15,CHEMBL307145,Pyrogallol,standard_value es nulo (sin valor cuantitativo),CHEMBL1909115,None (None) [CHEMBL1909046]
A15,CHEMBL307145,Pyrogallol,standard_value es nulo (sin valor cuantitativo),CHEMBL1909115,None (None) [CHEMBL1909046]
A15,CHEMBL307145,Pyrogallol,standard_value es nulo (sin valor cuantitativo),CHEMBL1909116,None (None) [CHEMBL1909046]
A15,CHEMBL307145,Pyrogallol,standard_value es nulo (sin valor cuantitativo),CHEMBL1909116,None (None) [CHEMBL1909046]
A15,CHEMBL307145,Pyrogallol,standard_value es nulo (sin valor cuantitativo),CHEMBL1909117,None (None) [CHEMBL1909046]
A15,CHEMBL307145,Pyrogallol,standard_value es nulo (sin valor cuantitativo),CHEMBL1909117,None (None) [CHEMBL1909046]
A15,CHEMBL307145,Pyrogallol,standard_value es nulo (sin valor cuantitativo),CHEMBL1909118,None (None) [CHEMBL1909046]
A15,CHEMBL307145,Pyrogallol,standard_value es nulo (sin valor cuantitativo),CHEMBL1909118,None (None) [CHEMBL1909046]
A15,CHEMBL307145,Pyrogallol,standard_value es nulo (sin valor cuantitativo),CHEMBL1909119,None (None) [CHEMBL1909046]
A15,CHEMBL307145,Pyrogallol,standard_value es nulo (sin valor cuantitativo),CHEMBL1909119,None (None) [CHEMBL1909046]
A15,CHEMBL307145,Pyrogallol,standard_value es nulo (sin valor cuantitativo),CHEMBL1909120,None (None) [CHEMBL1909046]
A15,CHEMBL307145,Pyrogallol,standard_value es nulo (sin valor cuantitativo),CHEMBL1909120,None (None) [CHEMBL1909046]
A15,CHEMBL307145,Pyrogallol,standard_value es nulo (sin valor cuantitativo),CHEMBL3885882,None (None) [CHEMBL3885881]
A15,CHEMBL307145,Pyrogallol,standard_value es nulo (sin valor cuantitativo),CHEMBL3885882,None (None) [CHEMBL3885881]
A15,CHEMBL307145,Pyrogallol,standard_value es nulo (sin valor cuantitativo),CHEMBL3885882,None (None) [CHEMBL3885881]
A15,CHEMBL307145,Pyrogallol,standard_value es nulo (sin valor cuantitativo),CHEMBL3885882,None (None) [CHEMBL3885881]
A15,CHEMBL307145,Pyrogallol,standard_value es nulo (sin valor cuantitativo),CHEMBL3885882,None (None) [CHEMBL3885881]
A15,CHEMBL307145,Pyrogallol,standard_value es nulo (sin valor cuantitativo),CHEMBL3885882,None (None) [CHEMBL3885881]
A15,CHEMBL307145,Pyrogallol,standard_value es nulo (sin valor cuantitativo),CHEMBL3885882,None (None) [CHEMBL3885881]
A15,CHEMBL307145,Pyrogallol,standard_value es nulo (sin valor cuantitativo),CHEMBL3885882,None (None) [CHEMBL3885881]
A15,CHEMBL307145,Pyrogallol,standard_value es nulo (sin valor cuantitativo),CHEMBL3885882,None (None) [CHEMBL3885881]
A15,CHEMBL307145,Pyrogallol,standard_value es nulo (sin valor cuantitativo),CHEMBL3885882,None (None) [CHEMBL3885881]
A15,CHEMBL307145,Pyrogallol,standard_value es nulo (sin valor cuantitativo),CHEMBL3885882,None (None) [CHEMBL3885881]
A15,CHEMBL307145,Pyrogallol,standard_value es nulo (sin valor cuantitativo),CHEMBL3885882,None (None) [CHEMBL3885881]
A15,CHEMBL307145,Pyrogallol,standard_value es nulo (sin valor cuantitativo),CHEMBL3885882,None (None) [CHEMBL3885881]
A15,CHEMBL307145,Pyrogallol,standard_value es nulo (sin valor cuantitativo),CHEMBL3885882,None (None) [CHEMBL3885881]
A15,CHEMBL307145,Pyrogallol,standard_value es nulo (sin valor cuantitativo),CHEMBL3885882,None (None) [CHEMBL3885881]
A15,CHEMBL307145,Pyrogallol,standard_value es nulo (sin valor cuantitativo),CHEMBL3885882,None (None) [CHEMBL3885881]
A15,CHEMBL307145,Pyrogallol,standard_value es nulo (sin valor cuantitativo),CHEMBL3885882,None (None) [CHEMBL3885881]
A15,CHEMBL307145,Pyrogallol,standard_value es nulo (sin valor cuantitativo),CHEMBL3885882,None (None) [CHEMBL3885881]
A15,CHEMBL307145,Pyrogallol,standard_value es nulo (sin valor cuantitativo),CHEMBL3885882,None (None) [CHEMBL3885881]
A15,CHEMBL307145,Pyrogallol,standard_value es nulo (sin valor cuantitativo),CHEMBL3885882,None (None) [CHEMBL3885881]
A15,CHEMBL307145,Pyrogallol,standard_value es nulo (sin valor cuantitativo),CHEMBL3885882,None (None) [CHEMBL3885881]
A15,CHEMBL307145,Pyrogallol,standard_value es nulo (sin valor cuantitativo),CHEMBL3885882,None (None) [CHEMBL3885881]
A15,CHEMBL307145,Pyrogallol,standard_value es nulo (sin valor cuantitativo),CHEMBL3885882,None (None) [CHEMBL3885881]
A15,CHEMBL307145,Pyrogallol,standard_value es nulo (sin valor cuantitativo),CHEMBL3885882,None (None) [CHEMBL3885881]
A15,CHEMBL307145,Pyrogallol,standard_value es nulo (sin valor cuantitativo),CHEMBL3885882,None (None) [CHEMBL3885881]
A15,CHEMBL307145,Pyrogallol,standard_value es nulo (sin valor cuantitativo),CHEMBL3885882,None (None) [CHEMBL3885881]
A15,CHEMBL307145,Pyrogallol,standard_value es nulo (sin valor cuantitativo),CHEMBL3885882,None (None) [CHEMBL3885881]
A15,CHEMBL307145,Pyrogallol,standard_value es nulo (sin valor cuantitativo),CHEMBL3885882,None (None) [CHEMBL3885881]
A15,CHEMBL307145,Pyrogallol,standard_value es nulo (sin valor cuantitativo),CHEMBL3885882,None (None) [CHEMBL3885881]
A15,CHEMBL307145,Pyrogallol,standard_value es nulo (sin valor cuantitativo),CHEMBL3885882,None (None) [CHEMBL3885881]
A15,CHEMBL307145,Pyrogallol,standard_value es nulo (sin valor cuantitativo),CHEMBL3885882,None (None) [CHEMBL3885881]
A15,CHEMBL307145,Pyrogallol,standard_value es nulo (sin valor cuantitativo),CHEMBL3885882,None (None) [CHEMBL3885881]
A15,CHEMBL307145,Pyrogallol,standard_value es nulo (sin valor cuantitativo),CHEMBL3885882,None (None) [CHEMBL3885881]
A15,CHEMBL307145,Pyrogallol,standard_value es nulo (sin valor cuantitativo),CHEMBL3885882,None (None) [CHEMBL3885881]
A15,CHEMBL307145,Pyrogallol,standard_value es nulo (sin valor cuantitativo),CHEMBL3885882,None (None) [CHEMBL3885881]
A15,CHEMBL307145,Pyrogallol,standard_value es nulo (sin valor cuantitativo),CHEMBL3885882,None (None) [CHEMBL3885881]
A15,CHEMBL307145,Pyrogallol,standard_value es nulo (sin valor cuantitativo),CHEMBL3885882,None (None) [CHEMBL3885881]
A15,CHEMBL307145,Pyrogallol,standard_value es nulo (sin valor cuantitativo),CHEMBL3885882,None (None) [CHEMBL3885881]
A15,CHEMBL307145,Pyrogallol,standard_value es nulo (sin valor cuantitativo),CHEMBL3885882,None (None) [CHEMBL3885881]
A15,CHEMBL307145,Pyrogallol,standard_value es nulo (sin valor cuantitativo),CHEMBL3885882,None (None) [CHEMBL3885881]
A15,CHEMBL307145,Pyrogallol,standard_value es nulo (sin valor cuantitativo),CHEMBL3885882,None (None) [CHEMBL3885881]
A15,CHEMBL307145,Pyrogallol,standard_value es nulo (sin valor cuantitativo),CHEMBL3885882,None (None) [CHEMBL3885881]
A15,CHEMBL307145,Pyrogallol,standard_value es nulo (sin valor cuantitativo),CHEMBL3885882,None (None) [CHEMBL3885881]
A15,CHEMBL307145,Pyrogallol,standard_value es nulo (sin valor cuantitativo),CHEMBL3885882,None (None) [CHEMBL3885881]
A15,CHEMBL307145,Pyrogallol,standard_value es nulo (sin valor cuantitativo),CHEMBL3885882,None (None) [CHEMBL3885881]
A15,CHEMBL307145,Pyrogallol,standard_value es nulo (sin valor cuantitativo),CHEMBL3885882,None (None) [CHEMBL3885881]
A15,CHEMBL307145,Pyrogallol,standard_value es nulo (sin valor cuantitativo),CHEMBL3885882,None (None) [CHEMBL3885881]
A15,CHEMBL307145,Pyrogallol,standard_value es nulo (sin valor cuantitativo),CHEMBL3885882,None (None) [CHEMBL3885881]
A15,CHEMBL307145,Pyrogallol,standard_value es nulo (sin valor cuantitativo),CHEMBL3885882,None (None) [CHEMBL3885881]
A15,CHEMBL307145,Pyrogallol,standard_value es nulo (sin valor cuantitativo),CHEMBL3885882,None (None) [CHEMBL3885881]
A15,CHEMBL307145,Pyrogallol,standard_value es nulo (sin valor cuantitativo),CHEMBL3885882,None (None) [CHEMBL3885881]
A15,CHEMBL307145,Pyrogallol,standard_value es nulo (sin valor cuantitativo),CHEMBL3885882,None (None) [CHEMBL3885881]
A15,CHEMBL307145,Pyrogallol,standard_value es nulo (sin valor cuantitativo),CHEMBL3885882,None (None) [CHEMBL3885881]
A15,CHEMBL307145,Pyrogallol,standard_value es nulo (sin valor cuantitativo),CHEMBL3885882,None (None) [CHEMBL3885881]
A15,CHEMBL307145,Pyrogallol,standard_value es nulo (sin valor cuantitativo),CHEMBL3885882,None (None) [CHEMBL3885881]
A15,CHEMBL307145,Pyrogallol,standard_value es nulo (sin valor cuantitativo),CHEMBL3885882,None (None) [CHEMBL3885881]
A15,CHEMBL307145,Pyrogallol,standard_value es nulo (sin valor cuantitativo),CHEMBL3885882,None (None) [CHEMBL3885881]
A15,CHEMBL307145,Pyrogallol,standard_value es nulo (sin valor cuantitativo),CHEMBL3885882,None (None) [CHEMBL3885881]
A15,CHEMBL307145,Pyrogallol,standard_value es nulo (sin valor cuantitativo),CHEMBL3885882,None (None) [CHEMBL3885881]
A15,CHEMBL307145,Pyrogallol,standard_value es nulo (sin valor cuantitativo),CHEMBL6137622,J Med Chem (2025) [CHEMBL6134841]
A23,CHEMBL111077,Myristic acid,standard_value es nulo (sin valor cuantitativo),CHEMBL3051346,J Agric Food Chem (2011) [CHEMBL3046615]
A23,CHEMBL111077,Myristic acid,standard_value es nulo (sin valor cuantitativo),CHEMBL3051347,J Agric Food Chem (2011) [CHEMBL3046615]
A23,CHEMBL111077,Myristic acid,standard_value es nulo (sin valor cuantitativo),CHEMBL3051348,J Agric Food Chem (2011) [CHEMBL3046615]
A23,CHEMBL111077,Myristic acid,standard_value es nulo (sin valor cuantitativo),CHEMBL3051349,J Agric Food Chem (2011) [CHEMBL3046615]
A23,CHEMBL111077,Myristic acid,standard_value es nulo (sin valor cuantitativo),CHEMBL3051669,J Agric Food Chem (2011) [CHEMBL3046615]
A23,CHEMBL111077,Myristic acid,standard_value es nulo (sin valor cuantitativo),CHEMBL3051670,J Agric Food Chem (2011) [CHEMBL3046615]
A23,CHEMBL111077,Myristic acid,standard_value es nulo (sin valor cuantitativo),CHEMBL3051671,J Agric Food Chem (2011) [CHEMBL3046615]
A23,CHEMBL111077,Myristic acid,standard_value es nulo (sin valor cuantitativo),CHEMBL3051672,J Agric Food Chem (2011) [CHEMBL3046615]
A23,CHEMBL111077,Myristic acid,standard_value es nulo (sin valor cuantitativo),CHEMBL3051673,J Agric Food Chem (2011) [CHEMBL3046615]
A23,CHEMBL111077,Myristic acid,standard_value es nulo (sin valor cuantitativo),CHEMBL3051674,J Agric Food Chem (2011) [CHEMBL3046615]
A23,CHEMBL111077,Myristic acid,standard_value es nulo (sin valor cuantitativo),CHEMBL3051675,J Agric Food Chem (2011) [CHEMBL3046615]
A23,CHEMBL111077,Myristic acid,standard_value es nulo (sin valor cuantitativo),CHEMBL3051676,J Agric Food Chem (2011) [CHEMBL3046615]
A23,CHEMBL111077,Myristic acid,standard_value es nulo (sin valor cuantitativo),CHEMBL5158209,J Med Chem (2022) [CHEMBL5154715]
A24,CHEMBL82293,Palmitic acid,standard_value es nulo (sin valor cuantitativo),CHEMBL887935,Bioorg Med Chem Lett (2007) [CHEMBL1139984]
A24,CHEMBL82293,Palmitic acid,standard_value es nulo (sin valor cuantitativo),CHEMBL1008117,J Nat Prod (2002) [CHEMBL1150144]
A24,CHEMBL82293,Palmitic acid,standard_value es nulo (sin valor cuantitativo),CHEMBL948676,J Nat Prod (1995) [CHEMBL1150081]
A24,CHEMBL82293,Palmitic acid,standard_value es nulo (sin valor cuantitativo),CHEMBL948677,J Nat Prod (1995) [CHEMBL1150081]
A24,CHEMBL82293,Palmitic acid,standard_value es nulo (sin valor cuantitativo),CHEMBL948678,J Nat Prod (1995) [CHEMBL1150081]
A24,CHEMBL82293,Palmitic acid,standard_value es nulo (sin valor cuantitativo),CHEMBL948679,J Nat Prod (1995) [CHEMBL1150081]
A24,CHEMBL82293,Palmitic acid,standard_value es nulo (sin valor cuantitativo),CHEMBL948680,J Nat Prod (1995) [CHEMBL1150081]
A24,CHEMBL82293,Palmitic acid,standard_value es nulo (sin valor cuantitativo),CHEMBL948681,J Nat Prod (1995) [CHEMBL1150081]
A24,CHEMBL82293,Palmitic acid,standard_value es nulo (sin valor cuantitativo),CHEMBL948682,J Nat Prod (1995) [CHEMBL1150081]
A24,CHEMBL82293,Palmitic acid,standard_value es nulo (sin valor cuantitativo),CHEMBL948683,J Nat Prod (1995) [CHEMBL1150081]
A24,CHEMBL82293,Palmitic acid,standard_value es nulo (sin valor cuantitativo),CHEMBL948684,J Nat Prod (1995) [CHEMBL1150081]
A24,CHEMBL82293,Palmitic acid,standard_value es nulo (sin valor cuantitativo),CHEMBL1001241,J Nat Prod (1995) [CHEMBL1150081]
A24,CHEMBL82293,Palmitic acid,standard_value es nulo (sin valor cuantitativo),CHEMBL1001242,J Nat Prod (1995) [CHEMBL1150081]
A24,CHEMBL82293,Palmitic acid,standard_value es nulo (sin valor cuantitativo),CHEMBL948673,J Nat Prod (1995) [CHEMBL1150081]
A24,CHEMBL82293,Palmitic acid,standard_value es nulo (sin valor cuantitativo),CHEMBL948674,J Nat Prod (1995) [CHEMBL1150081]
A24,CHEMBL82293,Palmitic acid,standard_value es nulo (sin valor cuantitativo),CHEMBL948675,J Nat Prod (1995) [CHEMBL1150081]
A24,CHEMBL82293,Palmitic acid,standard_value es nulo (sin valor cuantitativo),CHEMBL1058700,J Nat Prod (2009) [CHEMBL1152395]
A24,CHEMBL82293,Palmitic acid,standard_value es nulo (sin valor cuantitativo),CHEMBL1058701,J Nat Prod (2009) [CHEMBL1152395]
A24,CHEMBL82293,Palmitic acid,standard_value es nulo (sin valor cuantitativo),CHEMBL1058705,J Nat Prod (2009) [CHEMBL1152395]
A24,CHEMBL82293,Palmitic acid,standard_value es nulo (sin valor cuantitativo),CHEMBL1058706,J Nat Prod (2009) [CHEMBL1152395]
A24,CHEMBL82293,Palmitic acid,standard_value es nulo (sin valor cuantitativo),CHEMBL1058707,J Nat Prod (2009) [CHEMBL1152395]
A24,CHEMBL82293,Palmitic acid,standard_value es nulo (sin valor cuantitativo),CHEMBL1058708,J Nat Prod (2009) [CHEMBL1152395]
A24,CHEMBL82293,Palmitic acid,standard_value es nulo (sin valor cuantitativo),CHEMBL1058709,J Nat Prod (2009) [CHEMBL1152395]
A24,CHEMBL82293,Palmitic acid,standard_value es nulo (sin valor cuantitativo),CHEMBL1058703,J Nat Prod (2009) [CHEMBL1152395]
A24,CHEMBL82293,Palmitic acid,standard_value es nulo (sin valor cuantitativo),CHEMBL1058704,J Nat Prod (2009) [CHEMBL1152395]
A24,CHEMBL82293,Palmitic acid,standard_value es nulo (sin valor cuantitativo),CHEMBL2024878,Bioorg Med Chem (2012) [CHEMBL2021785]
A24,CHEMBL82293,Palmitic acid,standard_value es nulo (sin valor cuantitativo),CHEMBL2024877,Bioorg Med Chem (2012) [CHEMBL2021785]
A24,CHEMBL82293,Palmitic acid,standard_value es nulo (sin valor cuantitativo),CHEMBL2024876,Bioorg Med Chem (2012) [CHEMBL2021785]
A24,CHEMBL82293,Palmitic acid,standard_value es nulo (sin valor cuantitativo),CHEMBL2024874,Bioorg Med Chem (2012) [CHEMBL2021785]
A24,CHEMBL82293,Palmitic acid,standard_value es nulo (sin valor cuantitativo),CHEMBL2024873,Bioorg Med Chem (2012) [CHEMBL2021785]
A24,CHEMBL82293,Palmitic acid,standard_value es nulo (sin valor cuantitativo),CHEMBL2076221,Br J Pharmacol (2004) [CHEMBL2074473]
A24,CHEMBL82293,Palmitic acid,standard_value es nulo (sin valor cuantitativo),CHEMBL3051346,J Agric Food Chem (2011) [CHEMBL3046615]
A24,CHEMBL82293,Palmitic acid,standard_value es nulo (sin valor cuantitativo),CHEMBL3051347,J Agric Food Chem (2011) [CHEMBL3046615]
A24,CHEMBL82293,Palmitic acid,standard_value es nulo (sin valor cuantitativo),CHEMBL3051348,J Agric Food Chem (2011) [CHEMBL3046615]
A24,CHEMBL82293,Palmitic acid,standard_value es nulo (sin valor cuantitativo),CHEMBL3051349,J Agric Food Chem (2011) [CHEMBL3046615]
A24,CHEMBL82293,Palmitic acid,standard_value es nulo (sin valor cuantitativo),CHEMBL3051669,J Agric Food Chem (2011) [CHEMBL3046615]
A24,CHEMBL82293,Palmitic acid,standard_value es nulo (sin valor cuantitativo),CHEMBL3051670,J Agric Food Chem (2011) [CHEMBL3046615]
A24,CHEMBL82293,Palmitic acid,standard_value es nulo (sin valor cuantitativo),CHEMBL3051671,J Agric Food Chem (2011) [CHEMBL3046615]
A24,CHEMBL82293,Palmitic acid,standard_value es nulo (sin valor cuantitativo),CHEMBL3051672,J Agric Food Chem (2011) [CHEMBL3046615]
A24,CHEMBL82293,Palmitic acid,standard_value es nulo (sin valor cuantitativo),CHEMBL3051673,J Agric Food Chem (2011) [CHEMBL3046615]
A24,CHEMBL82293,Palmitic acid,standard_value es nulo (sin valor cuantitativo),CHEMBL3051674,J Agric Food Chem (2011) [CHEMBL3046615]
A24,CHEMBL82293,Palmitic acid,standard_value es nulo (sin valor cuantitativo),CHEMBL3051675,J Agric Food Chem (2011) [CHEMBL3046615]
A24,CHEMBL82293,Palmitic acid,standard_value es nulo (sin valor cuantitativo),CHEMBL3051676,J Agric Food Chem (2011) [CHEMBL3046615]
A24,CHEMBL82293,Palmitic acid,standard_value es nulo (sin valor cuantitativo),CHEMBL2399183,Bioorg Med Chem (2013) [CHEMBL2396534]
A24,CHEMBL82293,Palmitic acid,standard_value es nulo (sin valor cuantitativo),CHEMBL2399184,Bioorg Med Chem (2013) [CHEMBL2396534]
A24,CHEMBL82293,Palmitic acid,standard_value es nulo (sin valor cuantitativo),CHEMBL3411209,J Med Chem (2015) [CHEMBL3407413]
A24,CHEMBL82293,Palmitic acid,standard_value es nulo (sin valor cuantitativo),CHEMBL3411210,J Med Chem (2015) [CHEMBL3407413]
A24,CHEMBL82293,Palmitic acid,standard_value es nulo (sin valor cuantitativo),CHEMBL3529163,Drug Metab Dispos (2013) [CHEMBL3526002]
A24,CHEMBL82293,Palmitic acid,standard_value es nulo (sin valor cuantitativo),CHEMBL3816122,ACS Med Chem Lett (2016) [CHEMBL3813613]
A24,CHEMBL82293,Palmitic acid,standard_value es nulo (sin valor cuantitativo),CHEMBL4305353,J Med Chem (2019) [CHEMBL4304746]
A24,CHEMBL82293,Palmitic acid,standard_value es nulo (sin valor cuantitativo),CHEMBL4415455,J Med Chem (2019) [CHEMBL4414573]
A24,CHEMBL82293,Palmitic acid,standard_value es nulo (sin valor cuantitativo),CHEMBL4670813,J Med Chem (2020) [CHEMBL4665803]
A24,CHEMBL82293,Palmitic acid,standard_value es nulo (sin valor cuantitativo),CHEMBL4677002,J Med Chem (2020) [CHEMBL4673261]
A24,CHEMBL82293,Palmitic acid,standard_value es nulo (sin valor cuantitativo),CHEMBL4677003,J Med Chem (2020) [CHEMBL4673261]
A24,CHEMBL82293,Palmitic acid,standard_value es nulo (sin valor cuantitativo),CHEMBL4677004,J Med Chem (2020) [CHEMBL4673261]
A24,CHEMBL82293,Palmitic acid,standard_value es nulo (sin valor cuantitativo),CHEMBL5055974,J Med Chem (2021) [CHEMBL5055625]
A24,CHEMBL82293,Palmitic acid,standard_value es nulo (sin valor cuantitativo),CHEMBL5253933,Eur J Med Chem (2017) [CHEMBL5252539]
A27,CHEMBL46403,Stearic acid,standard_value es nulo (sin valor cuantitativo),CHEMBL664067,J Med Chem (1988) [CHEMBL1124227]
A27,CHEMBL46403,Stearic acid,standard_value es nulo (sin valor cuantitativo),CHEMBL664065,J Med Chem (1988) [CHEMBL1124227]
A27,CHEMBL46403,Stearic acid,standard_value es nulo (sin valor cuantitativo),CHEMBL991179,J Nat Prod (1989) [CHEMBL1147276]
A27,CHEMBL46403,Stearic acid,standard_value es nulo (sin valor cuantitativo),CHEMBL1120848,J Med Chem (2010) [CHEMBL1157134]
A27,CHEMBL46403,Stearic acid,standard_value es nulo (sin valor cuantitativo),CHEMBL1919803,Bioorg Med Chem (2011) [CHEMBL1914406]
A27,CHEMBL46403,Stearic acid,standard_value es nulo (sin valor cuantitativo),CHEMBL1919806,Bioorg Med Chem (2011) [CHEMBL1914406]
A27,CHEMBL46403,Stearic acid,standard_value es nulo (sin valor cuantitativo),CHEMBL1919807,Bioorg Med Chem (2011) [CHEMBL1914406]
A27,CHEMBL46403,Stearic acid,standard_value es nulo (sin valor cuantitativo),CHEMBL1919809,Bioorg Med Chem (2011) [CHEMBL1914406]
A27,CHEMBL46403,Stearic acid,standard_value es nulo (sin valor cuantitativo),CHEMBL1920071,Bioorg Med Chem (2011) [CHEMBL1914406]
A27,CHEMBL46403,Stearic acid,standard_value es nulo (sin valor cuantitativo),CHEMBL1921593,Bioorg Med Chem (2011) [CHEMBL1914406]
A27,CHEMBL46403,Stearic acid,standard_value es nulo (sin valor cuantitativo),CHEMBL1921590,Bioorg Med Chem (2011) [CHEMBL1914406]
A27,CHEMBL46403,Stearic acid,standard_value es nulo (sin valor cuantitativo),CHEMBL1921591,Bioorg Med Chem (2011) [CHEMBL1914406]
A27,CHEMBL46403,Stearic acid,standard_value es nulo (sin valor cuantitativo),CHEMBL1921592,Bioorg Med Chem (2011) [CHEMBL1914406]
A27,CHEMBL46403,Stearic acid,standard_value es nulo (sin valor cuantitativo),CHEMBL1921594,Bioorg Med Chem (2011) [CHEMBL1914406]
A27,CHEMBL46403,Stearic acid,standard_value es nulo (sin valor cuantitativo),CHEMBL1921595,Bioorg Med Chem (2011) [CHEMBL1914406]
A27,CHEMBL46403,Stearic acid,standard_value es nulo (sin valor cuantitativo),CHEMBL1921596,Bioorg Med Chem (2011) [CHEMBL1914406]
A27,CHEMBL46403,Stearic acid,standard_value es nulo (sin valor cuantitativo),CHEMBL2024878,Bioorg Med Chem (2012) [CHEMBL2021785]
A27,CHEMBL46403,Stearic acid,standard_value es nulo (sin valor cuantitativo),CHEMBL2024877,Bioorg Med Chem (2012) [CHEMBL2021785]
A27,CHEMBL46403,Stearic acid,standard_value es nulo (sin valor cuantitativo),CHEMBL2024876,Bioorg Med Chem (2012) [CHEMBL2021785]
A27,CHEMBL46403,Stearic acid,standard_value es nulo (sin valor cuantitativo),CHEMBL2024874,Bioorg Med Chem (2012) [CHEMBL2021785]
A27,CHEMBL46403,Stearic acid,standard_value es nulo (sin valor cuantitativo),CHEMBL2024873,Bioorg Med Chem (2012) [CHEMBL2021785]
A27,CHEMBL46403,Stearic acid,standard_value es nulo (sin valor cuantitativo),CHEMBL3051346,J Agric Food Chem (2011) [CHEMBL3046615]
A27,CHEMBL46403,Stearic acid,standard_value es nulo (sin valor cuantitativo),CHEMBL3051347,J Agric Food Chem (2011) [CHEMBL3046615]
A27,CHEMBL46403,Stearic acid,standard_value es nulo (sin valor cuantitativo),CHEMBL3051348,J Agric Food Chem (2011) [CHEMBL3046615]
A27,CHEMBL46403,Stearic acid,standard_value es nulo (sin valor cuantitativo),CHEMBL3051349,J Agric Food Chem (2011) [CHEMBL3046615]
A27,CHEMBL46403,Stearic acid,standard_value es nulo (sin valor cuantitativo),CHEMBL3051669,J Agric Food Chem (2011) [CHEMBL3046615]
A27,CHEMBL46403,Stearic acid,standard_value es nulo (sin valor cuantitativo),CHEMBL3051670,J Agric Food Chem (2011) [CHEMBL3046615]
A27,CHEMBL46403,Stearic acid,standard_value es nulo (sin valor cuantitativo),CHEMBL3051671,J Agric Food Chem (2011) [CHEMBL3046615]
A27,CHEMBL46403,Stearic acid,standard_value es nulo (sin valor cuantitativo),CHEMBL3051672,J Agric Food Chem (2011) [CHEMBL3046615]
A27,CHEMBL46403,Stearic acid,standard_value es nulo (sin valor cuantitativo),CHEMBL3051673,J Agric Food Chem (2011) [CHEMBL3046615]
A27,CHEMBL46403,Stearic acid,standard_value es nulo (sin valor cuantitativo),CHEMBL3051674,J Agric Food Chem (2011) [CHEMBL3046615]
A27,CHEMBL46403,Stearic acid,standard_value es nulo (sin valor cuantitativo),CHEMBL3051675,J Agric Food Chem (2011) [CHEMBL3046615]
A27,CHEMBL46403,Stearic acid,standard_value es nulo (sin valor cuantitativo),CHEMBL3051676,J Agric Food Chem (2011) [CHEMBL3046615]
A27,CHEMBL46403,Stearic acid,standard_value es nulo (sin valor cuantitativo),CHEMBL4321714,J Nat Prod (2019) [CHEMBL4316656]
A27,CHEMBL46403,Stearic acid,standard_value es nulo (sin valor cuantitativo),CHEMBL4321713,J Nat Prod (2019) [CHEMBL4316656]
A27,CHEMBL46403,Stearic acid,standard_value es nulo (sin valor cuantitativo),CHEMBL4677002,J Med Chem (2020) [CHEMBL4673261]
A27,CHEMBL46403,Stearic acid,standard_value es nulo (sin valor cuantitativo),CHEMBL4677003,J Med Chem (2020) [CHEMBL4673261]
A27,CHEMBL46403,Stearic acid,standard_value es nulo (sin valor cuantitativo),CHEMBL4677004,J Med Chem (2020) [CHEMBL4673261]
A27,CHEMBL46403,Stearic acid,standard_value es nulo (sin valor cuantitativo),CHEMBL5055974,J Med Chem (2021) [CHEMBL5055625]
A27,CHEMBL46403,Stearic acid,standard_value es nulo (sin valor cuantitativo),CHEMBL5158208,J Med Chem (2022) [CHEMBL5154715]
A27,CHEMBL46403,Stearic acid,standard_value es nulo (sin valor cuantitativo),CHEMBL5158209,J Med Chem (2022) [CHEMBL5154715]
B03,CHEMBL280998,Pyrocatechol,standard_value es nulo (sin valor cuantitativo),CHEMBL929605,Bioorg Med Chem Lett (2008) [CHEMBL1141519]
B03,CHEMBL280998,Pyrocatechol,standard_value es nulo (sin valor cuantitativo),CHEMBL1266185,Nat Chem Biol (2007) [CHEMBL1255231]
B03,CHEMBL280998,Pyrocatechol,standard_value es nulo (sin valor cuantitativo),CHEMBL1909212,None (None) [CHEMBL1909046]
B03,CHEMBL280998,Pyrocatechol,standard_value es nulo (sin valor cuantitativo),CHEMBL1909212,None (None) [CHEMBL1909046]
B03,CHEMBL280998,Pyrocatechol,standard_value es nulo (sin valor cuantitativo),CHEMBL1909213,None (None) [CHEMBL1909046]
B03,CHEMBL280998,Pyrocatechol,standard_value es nulo (sin valor cuantitativo),CHEMBL1909213,None (None) [CHEMBL1909046]
B03,CHEMBL280998,Pyrocatechol,standard_value es nulo (sin valor cuantitativo),CHEMBL1909214,None (None) [CHEMBL1909046]
B03,CHEMBL280998,Pyrocatechol,standard_value es nulo (sin valor cuantitativo),CHEMBL1909214,None (None) [CHEMBL1909046]
B03,CHEMBL280998,Pyrocatechol,standard_value es nulo (sin valor cuantitativo),CHEMBL1909215,None (None) [CHEMBL1909046]
B03,CHEMBL280998,Pyrocatechol,standard_value es nulo (sin valor cuantitativo),CHEMBL1909215,None (None) [CHEMBL1909046]
B03,CHEMBL280998,Pyrocatechol,standard_value es nulo (sin valor cuantitativo),CHEMBL1909084,None (None) [CHEMBL1909046]
B03,CHEMBL280998,Pyrocatechol,standard_value es nulo (sin valor cuantitativo),CHEMBL1909084,None (None) [CHEMBL1909046]
B03,CHEMBL280998,Pyrocatechol,standard_value es nulo (sin valor cuantitativo),CHEMBL1909085,None (None) [CHEMBL1909046]
B03,CHEMBL280998,Pyrocatechol,standard_value es nulo (sin valor cuantitativo),CHEMBL1909085,None (None) [CHEMBL1909046]
B03,CHEMBL280998,Pyrocatechol,standard_value es nulo (sin valor cuantitativo),CHEMBL1909086,None (None) [CHEMBL1909046]
B03,CHEMBL280998,Pyrocatechol,standard_value es nulo (sin valor cuantitativo),CHEMBL1909086,None (None) [CHEMBL1909046]
B03,CHEMBL280998,Pyrocatechol,standard_value es nulo (sin valor cuantitativo),CHEMBL1909087,None (None) [CHEMBL1909046]
B03,CHEMBL280998,Pyrocatechol,standard_value es nulo (sin valor cuantitativo),CHEMBL1909087,None (None) [CHEMBL1909046]
B03,CHEMBL280998,Pyrocatechol,standard_value es nulo (sin valor cuantitativo),CHEMBL1909088,None (None) [CHEMBL1909046]
B03,CHEMBL280998,Pyrocatechol,standard_value es nulo (sin valor cuantitativo),CHEMBL1909088,None (None) [CHEMBL1909046]
B03,CHEMBL280998,Pyrocatechol,standard_value es nulo (sin valor cuantitativo),CHEMBL1909089,None (None) [CHEMBL1909046]
B03,CHEMBL280998,Pyrocatechol,standard_value es nulo (sin valor cuantitativo),CHEMBL1909089,None (None) [CHEMBL1909046]
B03,CHEMBL280998,Pyrocatechol,standard_value es nulo (sin valor cuantitativo),CHEMBL1909090,None (None) [CHEMBL1909046]
B03,CHEMBL280998,Pyrocatechol,standard_value es nulo (sin valor cuantitativo),CHEMBL1909090,None (None) [CHEMBL1909046]
B03,CHEMBL280998,Pyrocatechol,standard_value es nulo (sin valor cuantitativo),CHEMBL1909091,None (None) [CHEMBL1909046]
B03,CHEMBL280998,Pyrocatechol,standard_value es nulo (sin valor cuantitativo),CHEMBL1909091,None (None) [CHEMBL1909046]
B03,CHEMBL280998,Pyrocatechol,standard_value es nulo (sin valor cuantitativo),CHEMBL1909092,None (None) [CHEMBL1909046]
B03,CHEMBL280998,Pyrocatechol,standard_value es nulo (sin valor cuantitativo),CHEMBL1909092,None (None) [CHEMBL1909046]
B03,CHEMBL280998,Pyrocatechol,standard_value es nulo (sin valor cuantitativo),CHEMBL1909093,None (None) [CHEMBL1909046]
B03,CHEMBL280998,Pyrocatechol,standard_value es nulo (sin valor cuantitativo),CHEMBL1909093,None (None) [CHEMBL1909046]
B03,CHEMBL280998,Pyrocatechol,standard_value es nulo (sin valor cuantitativo),CHEMBL1909094,None (None) [CHEMBL1909046]
B03,CHEMBL280998,Pyrocatechol,standard_value es nulo (sin valor cuantitativo),CHEMBL1909094,None (None) [CHEMBL1909046]
B03,CHEMBL280998,Pyrocatechol,standard_value es nulo (sin valor cuantitativo),CHEMBL1909095,None (None) [CHEMBL1909046]
B03,CHEMBL280998,Pyrocatechol,standard_value es nulo (sin valor cuantitativo),CHEMBL1909095,None (None) [CHEMBL1909046]
B03,CHEMBL280998,Pyrocatechol,standard_value es nulo (sin valor cuantitativo),CHEMBL1909096,None (None) [CHEMBL1909046]
B03,CHEMBL280998,Pyrocatechol,standard_value es nulo (sin valor cuantitativo),CHEMBL1909096,None (None) [CHEMBL1909046]
B03,CHEMBL280998,Pyrocatechol,standard_value es nulo (sin valor cuantitativo),CHEMBL1909097,None (None) [CHEMBL1909046]
B03,CHEMBL280998,Pyrocatechol,standard_value es nulo (sin valor cuantitativo),CHEMBL1909097,None (None) [CHEMBL1909046]
B03,CHEMBL280998,Pyrocatechol,standard_value es nulo (sin valor cuantitativo),CHEMBL1909098,None (None) [CHEMBL1909046]
B03,CHEMBL280998,Pyrocatechol,standard_value es nulo (sin valor cuantitativo),CHEMBL1909098,None (None) [CHEMBL1909046]
B03,CHEMBL280998,Pyrocatechol,standard_value es nulo (sin valor cuantitativo),CHEMBL1909099,None (None) [CHEMBL1909046]
B03,CHEMBL280998,Pyrocatechol,standard_value es nulo (sin valor cuantitativo),CHEMBL1909099,None (None) [CHEMBL1909046]
B03,CHEMBL280998,Pyrocatechol,standard_value es nulo (sin valor cuantitativo),CHEMBL1909100,None (None) [CHEMBL1909046]
B03,CHEMBL280998,Pyrocatechol,standard_value es nulo (sin valor cuantitativo),CHEMBL1909100,None (None) [CHEMBL1909046]
B03,CHEMBL280998,Pyrocatechol,standard_value es nulo (sin valor cuantitativo),CHEMBL1909101,None (None) [CHEMBL1909046]
B03,CHEMBL280998,Pyrocatechol,standard_value es nulo (sin valor cuantitativo),CHEMBL1909101,None (None) [CHEMBL1909046]
B03,CHEMBL280998,Pyrocatechol,standard_value es nulo (sin valor cuantitativo),CHEMBL1909102,None (None) [CHEMBL1909046]
B03,CHEMBL280998,Pyrocatechol,standard_value es nulo (sin valor cuantitativo),CHEMBL1909102,None (None) [CHEMBL1909046]
B03,CHEMBL280998,Pyrocatechol,standard_value es nulo (sin valor cuantitativo),CHEMBL1909103,None (None) [CHEMBL1909046]
B03,CHEMBL280998,Pyrocatechol,standard_value es nulo (sin valor cuantitativo),CHEMBL1909103,None (None) [CHEMBL1909046]
B03,CHEMBL280998,Pyrocatechol,standard_value es nulo (sin valor cuantitativo),CHEMBL1909121,None (None) [CHEMBL1909046]
B03,CHEMBL280998,Pyrocatechol,standard_value es nulo (sin valor cuantitativo),CHEMBL1909121,None (None) [CHEMBL1909046]
B03,CHEMBL280998,Pyrocatechol,standard_value es nulo (sin valor cuantitativo),CHEMBL1909122,None (None) [CHEMBL1909046]
B03,CHEMBL280998,Pyrocatechol,standard_value es nulo (sin valor cuantitativo),CHEMBL1909122,None (None) [CHEMBL1909046]
B03,CHEMBL280998,Pyrocatechol,standard_value es nulo (sin valor cuantitativo),CHEMBL1909123,None (None) [CHEMBL1909046]
B03,CHEMBL280998,Pyrocatechol,standard_value es nulo (sin valor cuantitativo),CHEMBL1909123,None (None) [CHEMBL1909046]
B03,CHEMBL280998,Pyrocatechol,standard_value es nulo (sin valor cuantitativo),CHEMBL1909124,None (None) [CHEMBL1909046]
B03,CHEMBL280998,Pyrocatechol,standard_value es nulo (sin valor cuantitativo),CHEMBL1909124,None (None) [CHEMBL1909046]
B03,CHEMBL280998,Pyrocatechol,standard_value es nulo (sin valor cuantitativo),CHEMBL1909125,None (None) [CHEMBL1909046]
B03,CHEMBL280998,Pyrocatechol,standard_value es nulo (sin valor cuantitativo),CHEMBL1909125,None (None) [CHEMBL1909046]
B03,CHEMBL280998,Pyrocatechol,standard_value es nulo (sin valor cuantitativo),CHEMBL1909126,None (None) [CHEMBL1909046]
B03,CHEMBL280998,Pyrocatechol,standard_value es nulo (sin valor cuantitativo),CHEMBL1909126,None (None) [CHEMBL1909046]
B03,CHEMBL280998,Pyrocatechol,standard_value es nulo (sin valor cuantitativo),CHEMBL1909127,None (None) [CHEMBL1909046]
B03,CHEMBL280998,Pyrocatechol,standard_value es nulo (sin valor cuantitativo),CHEMBL1909127,None (None) [CHEMBL1909046]
B03,CHEMBL280998,Pyrocatechol,standard_value es nulo (sin valor cuantitativo),CHEMBL1909128,None (None) [CHEMBL1909046]
B03,CHEMBL280998,Pyrocatechol,standard_value es nulo (sin valor cuantitativo),CHEMBL1909128,None (None) [CHEMBL1909046]
B03,CHEMBL280998,Pyrocatechol,standard_value es nulo (sin valor cuantitativo),CHEMBL1909129,None (None) [CHEMBL1909046]
B03,CHEMBL280998,Pyrocatechol,standard_value es nulo (sin valor cuantitativo),CHEMBL1909129,None (None) [CHEMBL1909046]
B03,CHEMBL280998,Pyrocatechol,standard_value es nulo (sin valor cuantitativo),CHEMBL1909130,None (None) [CHEMBL1909046]
B03,CHEMBL280998,Pyrocatechol,standard_value es nulo (sin valor cuantitativo),CHEMBL1909130,None (None) [CHEMBL1909046]
B03,CHEMBL280998,Pyrocatechol,standard_value es nulo (sin valor cuantitativo),CHEMBL1909131,None (None) [CHEMBL1909046]
B03,CHEMBL280998,Pyrocatechol,standard_value es nulo (sin valor cuantitativo),CHEMBL1909131,None (None) [CHEMBL1909046]
B03,CHEMBL280998,Pyrocatechol,standard_value es nulo (sin valor cuantitativo),CHEMBL1909132,None (None) [CHEMBL1909046]
B03,CHEMBL280998,Pyrocatechol,standard_value es nulo (sin valor cuantitativo),CHEMBL1909132,None (None) [CHEMBL1909046]
B03,CHEMBL280998,Pyrocatechol,standard_value es nulo (sin valor cuantitativo),CHEMBL1909133,None (None) [CHEMBL1909046]
B03,CHEMBL280998,Pyrocatechol,standard_value es nulo (sin valor cuantitativo),CHEMBL1909133,None (None) [CHEMBL1909046]
B03,CHEMBL280998,Pyrocatechol,standard_value es nulo (sin valor cuantitativo),CHEMBL1909134,None (None) [CHEMBL1909046]
B03,CHEMBL280998,Pyrocatechol,standard_value es nulo (sin valor cuantitativo),CHEMBL1909134,None (None) [CHEMBL1909046]
B03,CHEMBL280998,Pyrocatechol,standard_value es nulo (sin valor cuantitativo),CHEMBL1909135,None (None) [CHEMBL1909046]
B03,CHEMBL280998,Pyrocatechol,standard_value es nulo (sin valor cuantitativo),CHEMBL1909135,None (None) [CHEMBL1909046]
B03,CHEMBL280998,Pyrocatechol,standard_value es nulo (sin valor cuantitativo),CHEMBL1909136,None (None) [CHEMBL1909046]
B03,CHEMBL280998,Pyrocatechol,standard_value es nulo (sin valor cuantitativo),CHEMBL1909136,None (None) [CHEMBL1909046]
B03,CHEMBL280998,Pyrocatechol,standard_value es nulo (sin valor cuantitativo),CHEMBL1909137,None (None) [CHEMBL1909046]
B03,CHEMBL280998,Pyrocatechol,standard_value es nulo (sin valor cuantitativo),CHEMBL1909137,None (None) [CHEMBL1909046]
B03,CHEMBL280998,Pyrocatechol,standard_value es nulo (sin valor cuantitativo),CHEMBL1909138,None (None) [CHEMBL1909046]
B03,CHEMBL280998,Pyrocatechol,standard_value es nulo (sin valor cuantitativo),CHEMBL1909138,None (None) [CHEMBL1909046]
B03,CHEMBL280998,Pyrocatechol,standard_value es nulo (sin valor cuantitativo),CHEMBL1909139,None (None) [CHEMBL1909046]
B03,CHEMBL280998,Pyrocatechol,standard_value es nulo (sin valor cuantitativo),CHEMBL1909139,None (None) [CHEMBL1909046]
B03,CHEMBL280998,Pyrocatechol,standard_value es nulo (sin valor cuantitativo),CHEMBL1909140,None (None) [CHEMBL1909046]
B03,CHEMBL280998,Pyrocatechol,standard_value es nulo (sin valor cuantitativo),CHEMBL1909140,None (None) [CHEMBL1909046]
B03,CHEMBL280998,Pyrocatechol,standard_value es nulo (sin valor cuantitativo),CHEMBL1909141,None (None) [CHEMBL1909046]
B03,CHEMBL280998,Pyrocatechol,standard_value es nulo (sin valor cuantitativo),CHEMBL1909141,None (None) [CHEMBL1909046]
B03,CHEMBL280998,Pyrocatechol,standard_value es nulo (sin valor cuantitativo),CHEMBL1909142,None (None) [CHEMBL1909046]
B03,CHEMBL280998,Pyrocatechol,standard_value es nulo (sin valor cuantitativo),CHEMBL1909142,None (None) [CHEMBL1909046]
B03,CHEMBL280998,Pyrocatechol,standard_value es nulo (sin valor cuantitativo),CHEMBL1909143,None (None) [CHEMBL1909046]
B03,CHEMBL280998,Pyrocatechol,standard_value es nulo (sin valor cuantitativo),CHEMBL1909143,None (None) [CHEMBL1909046]
B03,CHEMBL280998,Pyrocatechol,standard_value es nulo (sin valor cuantitativo),CHEMBL1909144,None (None) [CHEMBL1909046]
B03,CHEMBL280998,Pyrocatechol,standard_value es nulo (sin valor cuantitativo),CHEMBL1909144,None (None) [CHEMBL1909046]
B03,CHEMBL280998,Pyrocatechol,standard_value es nulo (sin valor cuantitativo),CHEMBL1909145,None (None) [CHEMBL1909046]
B03,CHEMBL280998,Pyrocatechol,standard_value es nulo (sin valor cuantitativo),CHEMBL1909145,None (None) [CHEMBL1909046]
B03,CHEMBL280998,Pyrocatechol,standard_value es nulo (sin valor cuantitativo),CHEMBL1909146,None (None) [CHEMBL1909046]
B03,CHEMBL280998,Pyrocatechol,standard_value es nulo (sin valor cuantitativo),CHEMBL1909146,None (None) [CHEMBL1909046]
B03,CHEMBL280998,Pyrocatechol,standard_value es nulo (sin valor cuantitativo),CHEMBL1909147,None (None) [CHEMBL1909046]
B03,CHEMBL280998,Pyrocatechol,standard_value es nulo (sin valor cuantitativo),CHEMBL1909147,None (None) [CHEMBL1909046]
B03,CHEMBL280998,Pyrocatechol,standard_value es nulo (sin valor cuantitativo),CHEMBL1909148,None (None) [CHEMBL1909046]
B03,CHEMBL280998,Pyrocatechol,standard_value es nulo (sin valor cuantitativo),CHEMBL1909148,None (None) [CHEMBL1909046]
B03,CHEMBL280998,Pyrocatechol,standard_value es nulo (sin valor cuantitativo),CHEMBL1909149,None (None) [CHEMBL1909046]
B03,CHEMBL280998,Pyrocatechol,standard_value es nulo (sin valor cuantitativo),CHEMBL1909149,None (None) [CHEMBL1909046]
B03,CHEMBL280998,Pyrocatechol,standard_value es nulo (sin valor cuantitativo),CHEMBL1909150,None (None) [CHEMBL1909046]
B03,CHEMBL280998,Pyrocatechol,standard_value es nulo (sin valor cuantitativo),CHEMBL1909150,None (None) [CHEMBL1909046]
B03,CHEMBL280998,Pyrocatechol,standard_value es nulo (sin valor cuantitativo),CHEMBL1909151,None (None) [CHEMBL1909046]
B03,CHEMBL280998,Pyrocatechol,standard_value es nulo (sin valor cuantitativo),CHEMBL1909151,None (None) [CHEMBL1909046]
B03,CHEMBL280998,Pyrocatechol,standard_value es nulo (sin valor cuantitativo),CHEMBL1909152,None (None) [CHEMBL1909046]
B03,CHEMBL280998,Pyrocatechol,standard_value es nulo (sin valor cuantitativo),CHEMBL1909152,None (None) [CHEMBL1909046]
B03,CHEMBL280998,Pyrocatechol,standard_value es nulo (sin valor cuantitativo),CHEMBL1909153,None (None) [CHEMBL1909046]
B03,CHEMBL280998,Pyrocatechol,standard_value es nulo (sin valor cuantitativo),CHEMBL1909153,None (None) [CHEMBL1909046]
B03,CHEMBL280998,Pyrocatechol,standard_value es nulo (sin valor cuantitativo),CHEMBL1909154,None (None) [CHEMBL1909046]
B03,CHEMBL280998,Pyrocatechol,standard_value es nulo (sin valor cuantitativo),CHEMBL1909154,None (None) [CHEMBL1909046]
B03,CHEMBL280998,Pyrocatechol,standard_value es nulo (sin valor cuantitativo),CHEMBL1909155,None (None) [CHEMBL1909046]
B03,CHEMBL280998,Pyrocatechol,standard_value es nulo (sin valor cuantitativo),CHEMBL1909155,None (None) [CHEMBL1909046]
B03,CHEMBL280998,Pyrocatechol,standard_value es nulo (sin valor cuantitativo),CHEMBL1909156,None (None) [CHEMBL1909046]
B03,CHEMBL280998,Pyrocatechol,standard_value es nulo (sin valor cuantitativo),CHEMBL1909156,None (None) [CHEMBL1909046]
B03,CHEMBL280998,Pyrocatechol,standard_value es nulo (sin valor cuantitativo),CHEMBL1909157,None (None) [CHEMBL1909046]
B03,CHEMBL280998,Pyrocatechol,standard_value es nulo (sin valor cuantitativo),CHEMBL1909157,None (None) [CHEMBL1909046]
B03,CHEMBL280998,Pyrocatechol,standard_value es nulo (sin valor cuantitativo),CHEMBL1909158,None (None) [CHEMBL1909046]
B03,CHEMBL280998,Pyrocatechol,standard_value es nulo (sin valor cuantitativo),CHEMBL1909158,None (None) [CHEMBL1909046]
B03,CHEMBL280998,Pyrocatechol,standard_value es nulo (sin valor cuantitativo),CHEMBL1909159,None (None) [CHEMBL1909046]
B03,CHEMBL280998,Pyrocatechol,standard_value es nulo (sin valor cuantitativo),CHEMBL1909159,None (None) [CHEMBL1909046]
B03,CHEMBL280998,Pyrocatechol,standard_value es nulo (sin valor cuantitativo),CHEMBL1909160,None (None) [CHEMBL1909046]
B03,CHEMBL280998,Pyrocatechol,standard_value es nulo (sin valor cuantitativo),CHEMBL1909160,None (None) [CHEMBL1909046]
B03,CHEMBL280998,Pyrocatechol,standard_value es nulo (sin valor cuantitativo),CHEMBL1909161,None (None) [CHEMBL1909046]
B03,CHEMBL280998,Pyrocatechol,standard_value es nulo (sin valor cuantitativo),CHEMBL1909161,None (None) [CHEMBL1909046]
B03,CHEMBL280998,Pyrocatechol,standard_value es nulo (sin valor cuantitativo),CHEMBL1909162,None (None) [CHEMBL1909046]
B03,CHEMBL280998,Pyrocatechol,standard_value es nulo (sin valor cuantitativo),CHEMBL1909162,None (None) [CHEMBL1909046]
B03,CHEMBL280998,Pyrocatechol,standard_value es nulo (sin valor cuantitativo),CHEMBL1909163,None (None) [CHEMBL1909046]
B03,CHEMBL280998,Pyrocatechol,standard_value es nulo (sin valor cuantitativo),CHEMBL1909163,None (None) [CHEMBL1909046]
B03,CHEMBL280998,Pyrocatechol,standard_value es nulo (sin valor cuantitativo),CHEMBL1909164,None (None) [CHEMBL1909046]
B03,CHEMBL280998,Pyrocatechol,standard_value es nulo (sin valor cuantitativo),CHEMBL1909164,None (None) [CHEMBL1909046]
B03,CHEMBL280998,Pyrocatechol,standard_value es nulo (sin valor cuantitativo),CHEMBL1909165,None (None) [CHEMBL1909046]
B03,CHEMBL280998,Pyrocatechol,standard_value es nulo (sin valor cuantitativo),CHEMBL1909166,None (None) [CHEMBL1909046]
B03,CHEMBL280998,Pyrocatechol,standard_value es nulo (sin valor cuantitativo),CHEMBL1909166,None (None) [CHEMBL1909046]
B03,CHEMBL280998,Pyrocatechol,standard_value es nulo (sin valor cuantitativo),CHEMBL1909167,None (None) [CHEMBL1909046]
B03,CHEMBL280998,Pyrocatechol,standard_value es nulo (sin valor cuantitativo),CHEMBL1909167,None (None) [CHEMBL1909046]
B03,CHEMBL280998,Pyrocatechol,standard_value es nulo (sin valor cuantitativo),CHEMBL1909168,None (None) [CHEMBL1909046]
B03,CHEMBL280998,Pyrocatechol,standard_value es nulo (sin valor cuantitativo),CHEMBL1909168,None (None) [CHEMBL1909046]
B03,CHEMBL280998,Pyrocatechol,standard_value es nulo (sin valor cuantitativo),CHEMBL1909169,None (None) [CHEMBL1909046]
B03,CHEMBL280998,Pyrocatechol,standard_value es nulo (sin valor cuantitativo),CHEMBL1909169,None (None) [CHEMBL1909046]
B03,CHEMBL280998,Pyrocatechol,standard_value es nulo (sin valor cuantitativo),CHEMBL1909170,None (None) [CHEMBL1909046]
B03,CHEMBL280998,Pyrocatechol,standard_value es nulo (sin valor cuantitativo),CHEMBL1909170,None (None) [CHEMBL1909046]
B03,CHEMBL280998,Pyrocatechol,standard_value es nulo (sin valor cuantitativo),CHEMBL1909171,None (None) [CHEMBL1909046]
B03,CHEMBL280998,Pyrocatechol,standard_value es nulo (sin valor cuantitativo),CHEMBL1909171,None (None) [CHEMBL1909046]
B03,CHEMBL280998,Pyrocatechol,standard_value es nulo (sin valor cuantitativo),CHEMBL1909172,None (None) [CHEMBL1909046]
B03,CHEMBL280998,Pyrocatechol,standard_value es nulo (sin valor cuantitativo),CHEMBL1909172,None (None) [CHEMBL1909046]
B03,CHEMBL280998,Pyrocatechol,standard_value es nulo (sin valor cuantitativo),CHEMBL1909173,None (None) [CHEMBL1909046]
B03,CHEMBL280998,Pyrocatechol,standard_value es nulo (sin valor cuantitativo),CHEMBL1909173,None (None) [CHEMBL1909046]
B03,CHEMBL280998,Pyrocatechol,standard_value es nulo (sin valor cuantitativo),CHEMBL1909174,None (None) [CHEMBL1909046]
B03,CHEMBL280998,Pyrocatechol,standard_value es nulo (sin valor cuantitativo),CHEMBL1909174,None (None) [CHEMBL1909046]
B03,CHEMBL280998,Pyrocatechol,standard_value es nulo (sin valor cuantitativo),CHEMBL1909175,None (None) [CHEMBL1909046]
B03,CHEMBL280998,Pyrocatechol,standard_value es nulo (sin valor cuantitativo),CHEMBL1909175,None (None) [CHEMBL1909046]
B03,CHEMBL280998,Pyrocatechol,standard_value es nulo (sin valor cuantitativo),CHEMBL1909176,None (None) [CHEMBL1909046]
B03,CHEMBL280998,Pyrocatechol,standard_value es nulo (sin valor cuantitativo),CHEMBL1909176,None (None) [CHEMBL1909046]
B03,CHEMBL280998,Pyrocatechol,standard_value es nulo (sin valor cuantitativo),CHEMBL1909177,None (None) [CHEMBL1909046]
B03,CHEMBL280998,Pyrocatechol,standard_value es nulo (sin valor cuantitativo),CHEMBL1909177,None (None) [CHEMBL1909046]
B03,CHEMBL280998,Pyrocatechol,standard_value es nulo (sin valor cuantitativo),CHEMBL1909178,None (None) [CHEMBL1909046]
B03,CHEMBL280998,Pyrocatechol,standard_value es nulo (sin valor cuantitativo),CHEMBL1909178,None (None) [CHEMBL1909046]
B03,CHEMBL280998,Pyrocatechol,standard_value es nulo (sin valor cuantitativo),CHEMBL1909179,None (None) [CHEMBL1909046]
B03,CHEMBL280998,Pyrocatechol,standard_value es nulo (sin valor cuantitativo),CHEMBL1909179,None (None) [CHEMBL1909046]
B03,CHEMBL280998,Pyrocatechol,standard_value es nulo (sin valor cuantitativo),CHEMBL1909180,None (None) [CHEMBL1909046]
B03,CHEMBL280998,Pyrocatechol,standard_value es nulo (sin valor cuantitativo),CHEMBL1909180,None (None) [CHEMBL1909046]
B03,CHEMBL280998,Pyrocatechol,standard_value es nulo (sin valor cuantitativo),CHEMBL1909181,None (None) [CHEMBL1909046]
B03,CHEMBL280998,Pyrocatechol,standard_value es nulo (sin valor cuantitativo),CHEMBL1909181,None (None) [CHEMBL1909046]
B03,CHEMBL280998,Pyrocatechol,standard_value es nulo (sin valor cuantitativo),CHEMBL1909182,None (None) [CHEMBL1909046]
B03,CHEMBL280998,Pyrocatechol,standard_value es nulo (sin valor cuantitativo),CHEMBL1909182,None (None) [CHEMBL1909046]
B03,CHEMBL280998,Pyrocatechol,standard_value es nulo (sin valor cuantitativo),CHEMBL1909183,None (None) [CHEMBL1909046]
B03,CHEMBL280998,Pyrocatechol,standard_value es nulo (sin valor cuantitativo),CHEMBL1909183,None (None) [CHEMBL1909046]
B03,CHEMBL280998,Pyrocatechol,standard_value es nulo (sin valor cuantitativo),CHEMBL1909184,None (None) [CHEMBL1909046]
B03,CHEMBL280998,Pyrocatechol,standard_value es nulo (sin valor cuantitativo),CHEMBL1909184,None (None) [CHEMBL1909046]
B03,CHEMBL280998,Pyrocatechol,standard_value es nulo (sin valor cuantitativo),CHEMBL1909185,None (None) [CHEMBL1909046]
B03,CHEMBL280998,Pyrocatechol,standard_value es nulo (sin valor cuantitativo),CHEMBL1909185,None (None) [CHEMBL1909046]
B03,CHEMBL280998,Pyrocatechol,standard_value es nulo (sin valor cuantitativo),CHEMBL1909186,None (None) [CHEMBL1909046]
B03,CHEMBL280998,Pyrocatechol,standard_value es nulo (sin valor cuantitativo),CHEMBL1909186,None (None) [CHEMBL1909046]
B03,CHEMBL280998,Pyrocatechol,standard_value es nulo (sin valor cuantitativo),CHEMBL1909187,None (None) [CHEMBL1909046]
B03,CHEMBL280998,Pyrocatechol,standard_value es nulo (sin valor cuantitativo),CHEMBL1909187,None (None) [CHEMBL1909046]
B03,CHEMBL280998,Pyrocatechol,standard_value es nulo (sin valor cuantitativo),CHEMBL1909188,None (None) [CHEMBL1909046]
B03,CHEMBL280998,Pyrocatechol,standard_value es nulo (sin valor cuantitativo),CHEMBL1909188,None (None) [CHEMBL1909046]
B03,CHEMBL280998,Pyrocatechol,standard_value es nulo (sin valor cuantitativo),CHEMBL1909189,None (None) [CHEMBL1909046]
B03,CHEMBL280998,Pyrocatechol,standard_value es nulo (sin valor cuantitativo),CHEMBL1909189,None (None) [CHEMBL1909046]
B03,CHEMBL280998,Pyrocatechol,standard_value es nulo (sin valor cuantitativo),CHEMBL1909190,None (None) [CHEMBL1909046]
B03,CHEMBL280998,Pyrocatechol,standard_value es nulo (sin valor cuantitativo),CHEMBL1909190,None (None) [CHEMBL1909046]
B03,CHEMBL280998,Pyrocatechol,standard_value es nulo (sin valor cuantitativo),CHEMBL1909191,None (None) [CHEMBL1909046]
B03,CHEMBL280998,Pyrocatechol,standard_value es nulo (sin valor cuantitativo),CHEMBL1909191,None (None) [CHEMBL1909046]
B03,CHEMBL280998,Pyrocatechol,standard_value es nulo (sin valor cuantitativo),CHEMBL1909192,None (None) [CHEMBL1909046]
B03,CHEMBL280998,Pyrocatechol,standard_value es nulo (sin valor cuantitativo),CHEMBL1909192,None (None) [CHEMBL1909046]
B03,CHEMBL280998,Pyrocatechol,standard_value es nulo (sin valor cuantitativo),CHEMBL1909193,None (None) [CHEMBL1909046]
B03,CHEMBL280998,Pyrocatechol,standard_value es nulo (sin valor cuantitativo),CHEMBL1909193,None (None) [CHEMBL1909046]
B03,CHEMBL280998,Pyrocatechol,standard_value es nulo (sin valor cuantitativo),CHEMBL1909194,None (None) [CHEMBL1909046]
B03,CHEMBL280998,Pyrocatechol,standard_value es nulo (sin valor cuantitativo),CHEMBL1909194,None (None) [CHEMBL1909046]
B03,CHEMBL280998,Pyrocatechol,standard_value es nulo (sin valor cuantitativo),CHEMBL1909195,None (None) [CHEMBL1909046]
B03,CHEMBL280998,Pyrocatechol,standard_value es nulo (sin valor cuantitativo),CHEMBL1909195,None (None) [CHEMBL1909046]
B03,CHEMBL280998,Pyrocatechol,standard_value es nulo (sin valor cuantitativo),CHEMBL1909196,None (None) [CHEMBL1909046]
B03,CHEMBL280998,Pyrocatechol,standard_value es nulo (sin valor cuantitativo),CHEMBL1909196,None (None) [CHEMBL1909046]
B03,CHEMBL280998,Pyrocatechol,standard_value es nulo (sin valor cuantitativo),CHEMBL1909197,None (None) [CHEMBL1909046]
B03,CHEMBL280998,Pyrocatechol,standard_value es nulo (sin valor cuantitativo),CHEMBL1909198,None (None) [CHEMBL1909046]
B03,CHEMBL280998,Pyrocatechol,standard_value es nulo (sin valor cuantitativo),CHEMBL1909198,None (None) [CHEMBL1909046]
B03,CHEMBL280998,Pyrocatechol,standard_value es nulo (sin valor cuantitativo),CHEMBL1909199,None (None) [CHEMBL1909046]
B03,CHEMBL280998,Pyrocatechol,standard_value es nulo (sin valor cuantitativo),CHEMBL1909199,None (None) [CHEMBL1909046]
B03,CHEMBL280998,Pyrocatechol,standard_value es nulo (sin valor cuantitativo),CHEMBL1909200,None (None) [CHEMBL1909046]
B03,CHEMBL280998,Pyrocatechol,standard_value es nulo (sin valor cuantitativo),CHEMBL1909200,None (None) [CHEMBL1909046]
B03,CHEMBL280998,Pyrocatechol,standard_value es nulo (sin valor cuantitativo),CHEMBL1909201,None (None) [CHEMBL1909046]
B03,CHEMBL280998,Pyrocatechol,standard_value es nulo (sin valor cuantitativo),CHEMBL1909201,None (None) [CHEMBL1909046]
B03,CHEMBL280998,Pyrocatechol,standard_value es nulo (sin valor cuantitativo),CHEMBL1909202,None (None) [CHEMBL1909046]
B03,CHEMBL280998,Pyrocatechol,standard_value es nulo (sin valor cuantitativo),CHEMBL1909202,None (None) [CHEMBL1909046]
B03,CHEMBL280998,Pyrocatechol,standard_value es nulo (sin valor cuantitativo),CHEMBL1909203,None (None) [CHEMBL1909046]
B03,CHEMBL280998,Pyrocatechol,standard_value es nulo (sin valor cuantitativo),CHEMBL1909204,None (None) [CHEMBL1909046]
B03,CHEMBL280998,Pyrocatechol,standard_value es nulo (sin valor cuantitativo),CHEMBL1909205,None (None) [CHEMBL1909046]
B03,CHEMBL280998,Pyrocatechol,standard_value es nulo (sin valor cuantitativo),CHEMBL1909205,None (None) [CHEMBL1909046]
B03,CHEMBL280998,Pyrocatechol,standard_value es nulo (sin valor cuantitativo),CHEMBL1909206,None (None) [CHEMBL1909046]
B03,CHEMBL280998,Pyrocatechol,standard_value es nulo (sin valor cuantitativo),CHEMBL1909206,None (None) [CHEMBL1909046]
B03,CHEMBL280998,Pyrocatechol,standard_value es nulo (sin valor cuantitativo),CHEMBL1909207,None (None) [CHEMBL1909046]
B03,CHEMBL280998,Pyrocatechol,standard_value es nulo (sin valor cuantitativo),CHEMBL1909207,None (None) [CHEMBL1909046]
B03,CHEMBL280998,Pyrocatechol,standard_value es nulo (sin valor cuantitativo),CHEMBL1909208,None (None) [CHEMBL1909046]
B03,CHEMBL280998,Pyrocatechol,standard_value es nulo (sin valor cuantitativo),CHEMBL1909208,None (None) [CHEMBL1909046]
B03,CHEMBL280998,Pyrocatechol,standard_value es nulo (sin valor cuantitativo),CHEMBL1909209,None (None) [CHEMBL1909046]
B03,CHEMBL280998,Pyrocatechol,standard_value es nulo (sin valor cuantitativo),CHEMBL1909209,None (None) [CHEMBL1909046]
B03,CHEMBL280998,Pyrocatechol,standard_value es nulo (sin valor cuantitativo),CHEMBL1909210,None (None) [CHEMBL1909046]
B03,CHEMBL280998,Pyrocatechol,standard_value es nulo (sin valor cuantitativo),CHEMBL1909210,None (None) [CHEMBL1909046]
B03,CHEMBL280998,Pyrocatechol,standard_value es nulo (sin valor cuantitativo),CHEMBL1909211,None (None) [CHEMBL1909046]
B03,CHEMBL280998,Pyrocatechol,standard_value es nulo (sin valor cuantitativo),CHEMBL1909211,None (None) [CHEMBL1909046]
B03,CHEMBL280998,Pyrocatechol,standard_value es nulo (sin valor cuantitativo),CHEMBL1909104,None (None) [CHEMBL1909046]
B03,CHEMBL280998,Pyrocatechol,standard_value es nulo (sin valor cuantitativo),CHEMBL1909104,None (None) [CHEMBL1909046]
B03,CHEMBL280998,Pyrocatechol,standard_value es nulo (sin valor cuantitativo),CHEMBL1909105,None (None) [CHEMBL1909046]
B03,CHEMBL280998,Pyrocatechol,standard_value es nulo (sin valor cuantitativo),CHEMBL1909105,None (None) [CHEMBL1909046]
B03,CHEMBL280998,Pyrocatechol,standard_value es nulo (sin valor cuantitativo),CHEMBL1909106,None (None) [CHEMBL1909046]
B03,CHEMBL280998,Pyrocatechol,standard_value es nulo (sin valor cuantitativo),CHEMBL1909106,None (None) [CHEMBL1909046]
B03,CHEMBL280998,Pyrocatechol,standard_value es nulo (sin valor cuantitativo),CHEMBL1909107,None (None) [CHEMBL1909046]
B03,CHEMBL280998,Pyrocatechol,standard_value es nulo (sin valor cuantitativo),CHEMBL1909107,None (None) [CHEMBL1909046]
B03,CHEMBL280998,Pyrocatechol,standard_value es nulo (sin valor cuantitativo),CHEMBL1909108,None (None) [CHEMBL1909046]
B03,CHEMBL280998,Pyrocatechol,standard_value es nulo (sin valor cuantitativo),CHEMBL1909108,None (None) [CHEMBL1909046]
B03,CHEMBL280998,Pyrocatechol,standard_value es nulo (sin valor cuantitativo),CHEMBL1909109,None (None) [CHEMBL1909046]
B03,CHEMBL280998,Pyrocatechol,standard_value es nulo (sin valor cuantitativo),CHEMBL1909109,None (None) [CHEMBL1909046]
B03,CHEMBL280998,Pyrocatechol,standard_value es nulo (sin valor cuantitativo),CHEMBL1909110,None (None) [CHEMBL1909046]
B03,CHEMBL280998,Pyrocatechol,standard_value es nulo (sin valor cuantitativo),CHEMBL1909110,None (None) [CHEMBL1909046]
B03,CHEMBL280998,Pyrocatechol,standard_value es nulo (sin valor cuantitativo),CHEMBL1909111,None (None) [CHEMBL1909046]
B03,CHEMBL280998,Pyrocatechol,standard_value es nulo (sin valor cuantitativo),CHEMBL1909111,None (None) [CHEMBL1909046]
B03,CHEMBL280998,Pyrocatechol,standard_value es nulo (sin valor cuantitativo),CHEMBL1909112,None (None) [CHEMBL1909046]
B03,CHEMBL280998,Pyrocatechol,standard_value es nulo (sin valor cuantitativo),CHEMBL1909112,None (None) [CHEMBL1909046]
B03,CHEMBL280998,Pyrocatechol,standard_value es nulo (sin valor cuantitativo),CHEMBL1909113,None (None) [CHEMBL1909046]
B03,CHEMBL280998,Pyrocatechol,standard_value es nulo (sin valor cuantitativo),CHEMBL1909113,None (None) [CHEMBL1909046]
B03,CHEMBL280998,Pyrocatechol,standard_value es nulo (sin valor cuantitativo),CHEMBL1909114,None (None) [CHEMBL1909046]
B03,CHEMBL280998,Pyrocatechol,standard_value es nulo (sin valor cuantitativo),CHEMBL1909114,None (None) [CHEMBL1909046]
B03,CHEMBL280998,Pyrocatechol,standard_value es nulo (sin valor cuantitativo),CHEMBL1909115,None (None) [CHEMBL1909046]
B03,CHEMBL280998,Pyrocatechol,standard_value es nulo (sin valor cuantitativo),CHEMBL1909115,None (None) [CHEMBL1909046]
B03,CHEMBL280998,Pyrocatechol,standard_value es nulo (sin valor cuantitativo),CHEMBL1909116,None (None) [CHEMBL1909046]
B03,CHEMBL280998,Pyrocatechol,standard_value es nulo (sin valor cuantitativo),CHEMBL1909116,None (None) [CHEMBL1909046]
B03,CHEMBL280998,Pyrocatechol,standard_value es nulo (sin valor cuantitativo),CHEMBL1909117,None (None) [CHEMBL1909046]
B03,CHEMBL280998,Pyrocatechol,standard_value es nulo (sin valor cuantitativo),CHEMBL1909117,None (None) [CHEMBL1909046]
B03,CHEMBL280998,Pyrocatechol,standard_value es nulo (sin valor cuantitativo),CHEMBL1909118,None (None) [CHEMBL1909046]
B03,CHEMBL280998,Pyrocatechol,standard_value es nulo (sin valor cuantitativo),CHEMBL1909118,None (None) [CHEMBL1909046]
B03,CHEMBL280998,Pyrocatechol,standard_value es nulo (sin valor cuantitativo),CHEMBL1909119,None (None) [CHEMBL1909046]
B03,CHEMBL280998,Pyrocatechol,standard_value es nulo (sin valor cuantitativo),CHEMBL1909119,None (None) [CHEMBL1909046]
B03,CHEMBL280998,Pyrocatechol,standard_value es nulo (sin valor cuantitativo),CHEMBL1909120,None (None) [CHEMBL1909046]
B03,CHEMBL280998,Pyrocatechol,standard_value es nulo (sin valor cuantitativo),CHEMBL1909120,None (None) [CHEMBL1909046]
B03,CHEMBL280998,Pyrocatechol,standard_value es nulo (sin valor cuantitativo),CHEMBL3078775,Crop Prot (2013) [CHEMBL3044718]
B03,CHEMBL280998,Pyrocatechol,standard_value es nulo (sin valor cuantitativo),CHEMBL3078776,Crop Prot (2013) [CHEMBL3044718]
B03,CHEMBL280998,Pyrocatechol,standard_value es nulo (sin valor cuantitativo),CHEMBL3078661,Crop Prot (2013) [CHEMBL3044718]
B03,CHEMBL280998,Pyrocatechol,standard_value es nulo (sin valor cuantitativo),CHEMBL3078663,Crop Prot (2013) [CHEMBL3044718]
B03,CHEMBL280998,Pyrocatechol,standard_value es nulo (sin valor cuantitativo),CHEMBL3078667,Crop Prot (2013) [CHEMBL3044718]
B03,CHEMBL280998,Pyrocatechol,standard_value es nulo (sin valor cuantitativo),CHEMBL2318585,J Med Chem (2013) [CHEMBL2311536]
B03,CHEMBL280998,Pyrocatechol,standard_value es nulo (sin valor cuantitativo),CHEMBL3124070,J Nat Prod (2014) [CHEMBL3120059]
B03,CHEMBL280998,Pyrocatechol,standard_value es nulo (sin valor cuantitativo),CHEMBL3124072,J Nat Prod (2014) [CHEMBL3120059]
B03,CHEMBL280998,Pyrocatechol,standard_value es nulo (sin valor cuantitativo),CHEMBL3124066,J Nat Prod (2014) [CHEMBL3120059]
B03,CHEMBL280998,Pyrocatechol,standard_value es nulo (sin valor cuantitativo),CHEMBL3124071,J Nat Prod (2014) [CHEMBL3120059]
B03,CHEMBL280998,Pyrocatechol,standard_value es nulo (sin valor cuantitativo),CHEMBL3283919,J Med Chem (1976) [CHEMBL3271950]
B03,CHEMBL280998,Pyrocatechol,standard_value es nulo (sin valor cuantitativo),CHEMBL3602571,Bioorg Med Chem Lett (2015) [CHEMBL3600346]
B03,CHEMBL280998,Pyrocatechol,standard_value es nulo (sin valor cuantitativo),CHEMBL3789850,Eur J Med Chem (2016) [CHEMBL3785074]
B03,CHEMBL280998,Pyrocatechol,standard_value es nulo (sin valor cuantitativo),CHEMBL3789852,Eur J Med Chem (2016) [CHEMBL3785074]
B03,CHEMBL280998,Pyrocatechol,standard_value es nulo (sin valor cuantitativo),CHEMBL3789857,Eur J Med Chem (2016) [CHEMBL3785074]
B03,CHEMBL280998,Pyrocatechol,standard_value es nulo (sin valor cuantitativo),CHEMBL3789859,Eur J Med Chem (2016) [CHEMBL3785074]
B03,CHEMBL280998,Pyrocatechol,standard_value es nulo (sin valor cuantitativo),CHEMBL3885883,None (None) [CHEMBL3885881]
B03,CHEMBL280998,Pyrocatechol,standard_value es nulo (sin valor cuantitativo),CHEMBL3885883,None (None) [CHEMBL3885881]
B03,CHEMBL280998,Pyrocatechol,standard_value es nulo (sin valor cuantitativo),CHEMBL3885882,None (None) [CHEMBL3885881]
B03,CHEMBL280998,Pyrocatechol,standard_value es nulo (sin valor cuantitativo),CHEMBL3885882,None (None) [CHEMBL3885881]
B03,CHEMBL280998,Pyrocatechol,standard_value es nulo (sin valor cuantitativo),CHEMBL3885882,None (None) [CHEMBL3885881]
B03,CHEMBL280998,Pyrocatechol,standard_value es nulo (sin valor cuantitativo),CHEMBL3885882,None (None) [CHEMBL3885881]
B03,CHEMBL280998,Pyrocatechol,standard_value es nulo (sin valor cuantitativo),CHEMBL3885882,None (None) [CHEMBL3885881]
B03,CHEMBL280998,Pyrocatechol,standard_value es nulo (sin valor cuantitativo),CHEMBL3885882,None (None) [CHEMBL3885881]
B03,CHEMBL280998,Pyrocatechol,standard_value es nulo (sin valor cuantitativo),CHEMBL3885882,None (None) [CHEMBL3885881]
B03,CHEMBL280998,Pyrocatechol,standard_value es nulo (sin valor cuantitativo),CHEMBL3885882,None (None) [CHEMBL3885881]
B03,CHEMBL280998,Pyrocatechol,standard_value es nulo (sin valor cuantitativo),CHEMBL3885882,None (None) [CHEMBL3885881]
B03,CHEMBL280998,Pyrocatechol,standard_value es nulo (sin valor cuantitativo),CHEMBL3885882,None (None) [CHEMBL3885881]
B03,CHEMBL280998,Pyrocatechol,standard_value es nulo (sin valor cuantitativo),CHEMBL3885882,None (None) [CHEMBL3885881]
B03,CHEMBL280998,Pyrocatechol,standard_value es nulo (sin valor cuantitativo),CHEMBL3885882,None (None) [CHEMBL3885881]
B03,CHEMBL280998,Pyrocatechol,standard_value es nulo (sin valor cuantitativo),CHEMBL3885882,None (None) [CHEMBL3885881]
B03,CHEMBL280998,Pyrocatechol,standard_value es nulo (sin valor cuantitativo),CHEMBL3885882,None (None) [CHEMBL3885881]
B03,CHEMBL280998,Pyrocatechol,standard_value es nulo (sin valor cuantitativo),CHEMBL3885882,None (None) [CHEMBL3885881]
B03,CHEMBL280998,Pyrocatechol,standard_value es nulo (sin valor cuantitativo),CHEMBL3885882,None (None) [CHEMBL3885881]
B03,CHEMBL280998,Pyrocatechol,standard_value es nulo (sin valor cuantitativo),CHEMBL3885882,None (None) [CHEMBL3885881]
B03,CHEMBL280998,Pyrocatechol,standard_value es nulo (sin valor cuantitativo),CHEMBL3885882,None (None) [CHEMBL3885881]
B03,CHEMBL280998,Pyrocatechol,standard_value es nulo (sin valor cuantitativo),CHEMBL3885882,None (None) [CHEMBL3885881]
B03,CHEMBL280998,Pyrocatechol,standard_value es nulo (sin valor cuantitativo),CHEMBL3885882,None (None) [CHEMBL3885881]
B03,CHEMBL280998,Pyrocatechol,standard_value es nulo (sin valor cuantitativo),CHEMBL3885882,None (None) [CHEMBL3885881]
B03,CHEMBL280998,Pyrocatechol,standard_value es nulo (sin valor cuantitativo),CHEMBL3885882,None (None) [CHEMBL3885881]
B03,CHEMBL280998,Pyrocatechol,standard_value es nulo (sin valor cuantitativo),CHEMBL3885882,None (None) [CHEMBL3885881]
B03,CHEMBL280998,Pyrocatechol,standard_value es nulo (sin valor cuantitativo),CHEMBL3885882,None (None) [CHEMBL3885881]
B03,CHEMBL280998,Pyrocatechol,standard_value es nulo (sin valor cuantitativo),CHEMBL3885882,None (None) [CHEMBL3885881]
B03,CHEMBL280998,Pyrocatechol,standard_value es nulo (sin valor cuantitativo),CHEMBL3885882,None (None) [CHEMBL3885881]
B03,CHEMBL280998,Pyrocatechol,standard_value es nulo (sin valor cuantitativo),CHEMBL3885882,None (None) [CHEMBL3885881]
B03,CHEMBL280998,Pyrocatechol,standard_value es nulo (sin valor cuantitativo),CHEMBL3885882,None (None) [CHEMBL3885881]
B03,CHEMBL280998,Pyrocatechol,standard_value es nulo (sin valor cuantitativo),CHEMBL3885882,None (None) [CHEMBL3885881]
B03,CHEMBL280998,Pyrocatechol,standard_value es nulo (sin valor cuantitativo),CHEMBL3885882,None (None) [CHEMBL3885881]
B03,CHEMBL280998,Pyrocatechol,standard_value es nulo (sin valor cuantitativo),CHEMBL3885882,None (None) [CHEMBL3885881]
B03,CHEMBL280998,Pyrocatechol,standard_value es nulo (sin valor cuantitativo),CHEMBL3885882,None (None) [CHEMBL3885881]
B03,CHEMBL280998,Pyrocatechol,standard_value es nulo (sin valor cuantitativo),CHEMBL3885882,None (None) [CHEMBL3885881]
B03,CHEMBL280998,Pyrocatechol,standard_value es nulo (sin valor cuantitativo),CHEMBL3885882,None (None) [CHEMBL3885881]
B03,CHEMBL280998,Pyrocatechol,standard_value es nulo (sin valor cuantitativo),CHEMBL3885882,None (None) [CHEMBL3885881]
B03,CHEMBL280998,Pyrocatechol,standard_value es nulo (sin valor cuantitativo),CHEMBL3885882,None (None) [CHEMBL3885881]
B03,CHEMBL280998,Pyrocatechol,standard_value es nulo (sin valor cuantitativo),CHEMBL3885882,None (None) [CHEMBL3885881]
B03,CHEMBL280998,Pyrocatechol,standard_value es nulo (sin valor cuantitativo),CHEMBL3885882,None (None) [CHEMBL3885881]
B03,CHEMBL280998,Pyrocatechol,standard_value es nulo (sin valor cuantitativo),CHEMBL3885882,None (None) [CHEMBL3885881]
B03,CHEMBL280998,Pyrocatechol,standard_value es nulo (sin valor cuantitativo),CHEMBL3885882,None (None) [CHEMBL3885881]
B03,CHEMBL280998,Pyrocatechol,standard_value es nulo (sin valor cuantitativo),CHEMBL3885882,None (None) [CHEMBL3885881]
B03,CHEMBL280998,Pyrocatechol,standard_value es nulo (sin valor cuantitativo),CHEMBL3885882,None (None) [CHEMBL3885881]
B03,CHEMBL280998,Pyrocatechol,standard_value es nulo (sin valor cuantitativo),CHEMBL3885882,None (None) [CHEMBL3885881]
B03,CHEMBL280998,Pyrocatechol,standard_value es nulo (sin valor cuantitativo),CHEMBL3885882,None (None) [CHEMBL3885881]
B03,CHEMBL280998,Pyrocatechol,standard_value es nulo (sin valor cuantitativo),CHEMBL3885882,None (None) [CHEMBL3885881]
B03,CHEMBL280998,Pyrocatechol,standard_value es nulo (sin valor cuantitativo),CHEMBL3885882,None (None) [CHEMBL3885881]
B03,CHEMBL280998,Pyrocatechol,standard_value es nulo (sin valor cuantitativo),CHEMBL3885882,None (None) [CHEMBL3885881]
B03,CHEMBL280998,Pyrocatechol,standard_value es nulo (sin valor cuantitativo),CHEMBL3885882,None (None) [CHEMBL3885881]
B03,CHEMBL280998,Pyrocatechol,standard_value es nulo (sin valor cuantitativo),CHEMBL3885882,None (None) [CHEMBL3885881]
B03,CHEMBL280998,Pyrocatechol,standard_value es nulo (sin valor cuantitativo),CHEMBL3885882,None (None) [CHEMBL3885881]
B03,CHEMBL280998,Pyrocatechol,standard_value es nulo (sin valor cuantitativo),CHEMBL3885882,None (None) [CHEMBL3885881]
B03,CHEMBL280998,Pyrocatechol,standard_value es nulo (sin valor cuantitativo),CHEMBL3885882,None (None) [CHEMBL3885881]
B03,CHEMBL280998,Pyrocatechol,standard_value es nulo (sin valor cuantitativo),CHEMBL3885882,None (None) [CHEMBL3885881]
B03,CHEMBL280998,Pyrocatechol,standard_value es nulo (sin valor cuantitativo),CHEMBL3885882,None (None) [CHEMBL3885881]
B03,CHEMBL280998,Pyrocatechol,standard_value es nulo (sin valor cuantitativo),CHEMBL3885882,None (None) [CHEMBL3885881]
B03,CHEMBL280998,Pyrocatechol,standard_value es nulo (sin valor cuantitativo),CHEMBL3885882,None (None) [CHEMBL3885881]
B03,CHEMBL280998,Pyrocatechol,standard_value es nulo (sin valor cuantitativo),CHEMBL3885882,None (None) [CHEMBL3885881]
B03,CHEMBL280998,Pyrocatechol,standard_value es nulo (sin valor cuantitativo),CHEMBL3885882,None (None) [CHEMBL3885881]
B03,CHEMBL280998,Pyrocatechol,standard_value es nulo (sin valor cuantitativo),CHEMBL3885882,None (None) [CHEMBL3885881]
B03,CHEMBL280998,Pyrocatechol,standard_value es nulo (sin valor cuantitativo),CHEMBL3885882,None (None) [CHEMBL3885881]
B03,CHEMBL280998,Pyrocatechol,standard_value es nulo (sin valor cuantitativo),CHEMBL3885882,None (None) [CHEMBL3885881]
B03,CHEMBL280998,Pyrocatechol,standard_value es nulo (sin valor cuantitativo),CHEMBL3885882,None (None) [CHEMBL3885881]
B03,CHEMBL280998,Pyrocatechol,standard_value es nulo (sin valor cuantitativo),CHEMBL3885882,None (None) [CHEMBL3885881]
B03,CHEMBL280998,Pyrocatechol,standard_value es nulo (sin valor cuantitativo),CHEMBL3885882,None (None) [CHEMBL3885881]
B03,CHEMBL280998,Pyrocatechol,standard_value es nulo (sin valor cuantitativo),CHEMBL3885882,None (None) [CHEMBL3885881]
B03,CHEMBL280998,Pyrocatechol,standard_value es nulo (sin valor cuantitativo),CHEMBL3885882,None (None) [CHEMBL3885881]
B03,CHEMBL280998,Pyrocatechol,standard_value es nulo (sin valor cuantitativo),CHEMBL3885882,None (None) [CHEMBL3885881]
B03,CHEMBL280998,Pyrocatechol,standard_value es nulo (sin valor cuantitativo),CHEMBL3885882,None (None) [CHEMBL3885881]
B03,CHEMBL280998,Pyrocatechol,standard_value es nulo (sin valor cuantitativo),CHEMBL3885882,None (None) [CHEMBL3885881]
B03,CHEMBL280998,Pyrocatechol,standard_value es nulo (sin valor cuantitativo),CHEMBL3885882,None (None) [CHEMBL3885881]
B03,CHEMBL280998,Pyrocatechol,standard_value es nulo (sin valor cuantitativo),CHEMBL3885882,None (None) [CHEMBL3885881]
B03,CHEMBL280998,Pyrocatechol,standard_value es nulo (sin valor cuantitativo),CHEMBL3885882,None (None) [CHEMBL3885881]
B03,CHEMBL280998,Pyrocatechol,standard_value es nulo (sin valor cuantitativo),CHEMBL3885882,None (None) [CHEMBL3885881]
B03,CHEMBL280998,Pyrocatechol,standard_value es nulo (sin valor cuantitativo),CHEMBL3885882,None (None) [CHEMBL3885881]
B03,CHEMBL280998,Pyrocatechol,standard_value es nulo (sin valor cuantitativo),CHEMBL3885882,None (None) [CHEMBL3885881]
B03,CHEMBL280998,Pyrocatechol,standard_value es nulo (sin valor cuantitativo),CHEMBL3885882,None (None) [CHEMBL3885881]
B03,CHEMBL280998,Pyrocatechol,standard_value es nulo (sin valor cuantitativo),CHEMBL3885882,None (None) [CHEMBL3885881]
B03,CHEMBL280998,Pyrocatechol,standard_value es nulo (sin valor cuantitativo),CHEMBL3885882,None (None) [CHEMBL3885881]
B03,CHEMBL280998,Pyrocatechol,standard_value es nulo (sin valor cuantitativo),CHEMBL3885882,None (None) [CHEMBL3885881]
B03,CHEMBL280998,Pyrocatechol,standard_value es nulo (sin valor cuantitativo),CHEMBL3885882,None (None) [CHEMBL3885881]
B03,CHEMBL280998,Pyrocatechol,standard_value es nulo (sin valor cuantitativo),CHEMBL3885882,None (None) [CHEMBL3885881]
B03,CHEMBL280998,Pyrocatechol,standard_value es nulo (sin valor cuantitativo),CHEMBL3885882,None (None) [CHEMBL3885881]
B03,CHEMBL280998,Pyrocatechol,standard_value es nulo (sin valor cuantitativo),CHEMBL3885882,None (None) [CHEMBL3885881]
B03,CHEMBL280998,Pyrocatechol,standard_value es nulo (sin valor cuantitativo),CHEMBL3885882,None (None) [CHEMBL3885881]
B03,CHEMBL280998,Pyrocatechol,standard_value es nulo (sin valor cuantitativo),CHEMBL3885882,None (None) [CHEMBL3885881]
B03,CHEMBL280998,Pyrocatechol,standard_value es nulo (sin valor cuantitativo),CHEMBL3885882,None (None) [CHEMBL3885881]
B03,CHEMBL280998,Pyrocatechol,standard_value es nulo (sin valor cuantitativo),CHEMBL3885882,None (None) [CHEMBL3885881]
B03,CHEMBL280998,Pyrocatechol,standard_value es nulo (sin valor cuantitativo),CHEMBL3885882,None (None) [CHEMBL3885881]
B03,CHEMBL280998,Pyrocatechol,standard_value es nulo (sin valor cuantitativo),CHEMBL3885882,None (None) [CHEMBL3885881]
B03,CHEMBL280998,Pyrocatechol,standard_value es nulo (sin valor cuantitativo),CHEMBL3885882,None (None) [CHEMBL3885881]
B03,CHEMBL280998,Pyrocatechol,standard_value es nulo (sin valor cuantitativo),CHEMBL3885882,None (None) [CHEMBL3885881]
B03,CHEMBL280998,Pyrocatechol,standard_value es nulo (sin valor cuantitativo),CHEMBL3885882,None (None) [CHEMBL3885881]
B03,CHEMBL280998,Pyrocatechol,standard_value es nulo (sin valor cuantitativo),CHEMBL3885882,None (None) [CHEMBL3885881]
B03,CHEMBL280998,Pyrocatechol,standard_value es nulo (sin valor cuantitativo),CHEMBL3885882,None (None) [CHEMBL3885881]
B03,CHEMBL280998,Pyrocatechol,standard_value es nulo (sin valor cuantitativo),CHEMBL3885882,None (None) [CHEMBL3885881]
B03,CHEMBL280998,Pyrocatechol,standard_value es nulo (sin valor cuantitativo),CHEMBL3885882,None (None) [CHEMBL3885881]
B03,CHEMBL280998,Pyrocatechol,standard_value es nulo (sin valor cuantitativo),CHEMBL3885882,None (None) [CHEMBL3885881]
B03,CHEMBL280998,Pyrocatechol,standard_value es nulo (sin valor cuantitativo),CHEMBL3885882,None (None) [CHEMBL3885881]
B03,CHEMBL280998,Pyrocatechol,standard_value es nulo (sin valor cuantitativo),CHEMBL3885882,None (None) [CHEMBL3885881]
B03,CHEMBL280998,Pyrocatechol,standard_value es nulo (sin valor cuantitativo),CHEMBL3885882,None (None) [CHEMBL3885881]
B03,CHEMBL280998,Pyrocatechol,standard_value es nulo (sin valor cuantitativo),CHEMBL3885882,None (None) [CHEMBL3885881]
B03,CHEMBL280998,Pyrocatechol,standard_value es nulo (sin valor cuantitativo),CHEMBL3885882,None (None) [CHEMBL3885881]
B03,CHEMBL280998,Pyrocatechol,standard_value es nulo (sin valor cuantitativo),CHEMBL3885882,None (None) [CHEMBL3885881]
B03,CHEMBL280998,Pyrocatechol,standard_value es nulo (sin valor cuantitativo),CHEMBL3885882,None (None) [CHEMBL3885881]
B03,CHEMBL280998,Pyrocatechol,standard_value es nulo (sin valor cuantitativo),CHEMBL3885882,None (None) [CHEMBL3885881]
B03,CHEMBL280998,Pyrocatechol,standard_value es nulo (sin valor cuantitativo),CHEMBL3885882,None (None) [CHEMBL3885881]
B03,CHEMBL280998,Pyrocatechol,standard_value es nulo (sin valor cuantitativo),CHEMBL3885882,None (None) [CHEMBL3885881]
B03,CHEMBL280998,Pyrocatechol,standard_value es nulo (sin valor cuantitativo),CHEMBL3885882,None (None) [CHEMBL3885881]
B03,CHEMBL280998,Pyrocatechol,standard_value es nulo (sin valor cuantitativo),CHEMBL3885882,None (None) [CHEMBL3885881]
B03,CHEMBL280998,Pyrocatechol,standard_value es nulo (sin valor cuantitativo),CHEMBL3885882,None (None) [CHEMBL3885881]
B03,CHEMBL280998,Pyrocatechol,standard_value es nulo (sin valor cuantitativo),CHEMBL3885882,None (None) [CHEMBL3885881]
B03,CHEMBL280998,Pyrocatechol,standard_value es nulo (sin valor cuantitativo),CHEMBL3885882,None (None) [CHEMBL3885881]
B03,CHEMBL280998,Pyrocatechol,standard_value es nulo (sin valor cuantitativo),CHEMBL3885882,None (None) [CHEMBL3885881]
B03,CHEMBL280998,Pyrocatechol,standard_value es nulo (sin valor cuantitativo),CHEMBL3885882,None (None) [CHEMBL3885881]
B03,CHEMBL280998,Pyrocatechol,standard_value es nulo (sin valor cuantitativo),CHEMBL3885882,None (None) [CHEMBL3885881]
B03,CHEMBL280998,Pyrocatechol,standard_value es nulo (sin valor cuantitativo),CHEMBL3885882,None (None) [CHEMBL3885881]
B03,CHEMBL280998,Pyrocatechol,standard_value es nulo (sin valor cuantitativo),CHEMBL3885882,None (None) [CHEMBL3885881]
B03,CHEMBL280998,Pyrocatechol,standard_value es nulo (sin valor cuantitativo),CHEMBL3885882,None (None) [CHEMBL3885881]
B03,CHEMBL280998,Pyrocatechol,standard_value es nulo (sin valor cuantitativo),CHEMBL3885882,None (None) [CHEMBL3885881]
B03,CHEMBL280998,Pyrocatechol,standard_value es nulo (sin valor cuantitativo),CHEMBL3885882,None (None) [CHEMBL3885881]
B03,CHEMBL280998,Pyrocatechol,standard_value es nulo (sin valor cuantitativo),CHEMBL3885882,None (None) [CHEMBL3885881]
B03,CHEMBL280998,Pyrocatechol,standard_value es nulo (sin valor cuantitativo),CHEMBL3885882,None (None) [CHEMBL3885881]
B03,CHEMBL280998,Pyrocatechol,standard_value es nulo (sin valor cuantitativo),CHEMBL3885882,None (None) [CHEMBL3885881]
B03,CHEMBL280998,Pyrocatechol,standard_value es nulo (sin valor cuantitativo),CHEMBL3885882,None (None) [CHEMBL3885881]
B03,CHEMBL280998,Pyrocatechol,standard_value es nulo (sin valor cuantitativo),CHEMBL3885882,None (None) [CHEMBL3885881]
B03,CHEMBL280998,Pyrocatechol,standard_value es nulo (sin valor cuantitativo),CHEMBL3885882,None (None) [CHEMBL3885881]
B03,CHEMBL280998,Pyrocatechol,standard_value es nulo (sin valor cuantitativo),CHEMBL3885882,None (None) [CHEMBL3885881]
B03,CHEMBL280998,Pyrocatechol,standard_value es nulo (sin valor cuantitativo),CHEMBL3885882,None (None) [CHEMBL3885881]
B03,CHEMBL280998,Pyrocatechol,standard_value es nulo (sin valor cuantitativo),CHEMBL3885882,None (None) [CHEMBL3885881]
B03,CHEMBL280998,Pyrocatechol,standard_value es nulo (sin valor cuantitativo),CHEMBL3885882,None (None) [CHEMBL3885881]
B03,CHEMBL280998,Pyrocatechol,standard_value es nulo (sin valor cuantitativo),CHEMBL3885882,None (None) [CHEMBL3885881]
B03,CHEMBL280998,Pyrocatechol,standard_value es nulo (sin valor cuantitativo),CHEMBL3885882,None (None) [CHEMBL3885881]
B03,CHEMBL280998,Pyrocatechol,standard_value es nulo (sin valor cuantitativo),CHEMBL3885882,None (None) [CHEMBL3885881]
B03,CHEMBL280998,Pyrocatechol,standard_value es nulo (sin valor cuantitativo),CHEMBL3885882,None (None) [CHEMBL3885881]
B03,CHEMBL280998,Pyrocatechol,standard_value es nulo (sin valor cuantitativo),CHEMBL3885882,None (None) [CHEMBL3885881]
B03,CHEMBL280998,Pyrocatechol,standard_value es nulo (sin valor cuantitativo),CHEMBL3885882,None (None) [CHEMBL3885881]
B03,CHEMBL280998,Pyrocatechol,standard_value es nulo (sin valor cuantitativo),CHEMBL3885882,None (None) [CHEMBL3885881]
B03,CHEMBL280998,Pyrocatechol,standard_value es nulo (sin valor cuantitativo),CHEMBL3885882,None (None) [CHEMBL3885881]
B03,CHEMBL280998,Pyrocatechol,standard_value es nulo (sin valor cuantitativo),CHEMBL3885882,None (None) [CHEMBL3885881]
B03,CHEMBL280998,Pyrocatechol,standard_value es nulo (sin valor cuantitativo),CHEMBL3885882,None (None) [CHEMBL3885881]
B03,CHEMBL280998,Pyrocatechol,standard_value es nulo (sin valor cuantitativo),CHEMBL3885882,None (None) [CHEMBL3885881]
B03,CHEMBL280998,Pyrocatechol,standard_value es nulo (sin valor cuantitativo),CHEMBL3885882,None (None) [CHEMBL3885881]
B03,CHEMBL280998,Pyrocatechol,standard_value es nulo (sin valor cuantitativo),CHEMBL3885882,None (None) [CHEMBL3885881]
B03,CHEMBL280998,Pyrocatechol,standard_value es nulo (sin valor cuantitativo),CHEMBL3885882,None (None) [CHEMBL3885881]
B03,CHEMBL280998,Pyrocatechol,standard_value es nulo (sin valor cuantitativo),CHEMBL3885882,None (None) [CHEMBL3885881]
B03,CHEMBL280998,Pyrocatechol,standard_value es nulo (sin valor cuantitativo),CHEMBL3885882,None (None) [CHEMBL3885881]
B03,CHEMBL280998,Pyrocatechol,standard_value es nulo (sin valor cuantitativo),CHEMBL3885882,None (None) [CHEMBL3885881]
B03,CHEMBL280998,Pyrocatechol,standard_value es nulo (sin valor cuantitativo),CHEMBL3885882,None (None) [CHEMBL3885881]
B03,CHEMBL280998,Pyrocatechol,standard_value es nulo (sin valor cuantitativo),CHEMBL3885882,None (None) [CHEMBL3885881]
B03,CHEMBL280998,Pyrocatechol,standard_value es nulo (sin valor cuantitativo),CHEMBL3885882,None (None) [CHEMBL3885881]
B03,CHEMBL280998,Pyrocatechol,standard_value es nulo (sin valor cuantitativo),CHEMBL3885882,None (None) [CHEMBL3885881]
B03,CHEMBL280998,Pyrocatechol,standard_value es nulo (sin valor cuantitativo),CHEMBL3885882,None (None) [CHEMBL3885881]
B03,CHEMBL280998,Pyrocatechol,standard_value es nulo (sin valor cuantitativo),CHEMBL3885882,None (None) [CHEMBL3885881]
B03,CHEMBL280998,Pyrocatechol,standard_value es nulo (sin valor cuantitativo),CHEMBL3885882,None (None) [CHEMBL3885881]
B03,CHEMBL280998,Pyrocatechol,standard_value es nulo (sin valor cuantitativo),CHEMBL3885882,None (None) [CHEMBL3885881]
B03,CHEMBL280998,Pyrocatechol,standard_value es nulo (sin valor cuantitativo),CHEMBL3885882,None (None) [CHEMBL3885881]
B03,CHEMBL280998,Pyrocatechol,standard_value es nulo (sin valor cuantitativo),CHEMBL3885882,None (None) [CHEMBL3885881]
B03,CHEMBL280998,Pyrocatechol,standard_value es nulo (sin valor cuantitativo),CHEMBL3885882,None (None) [CHEMBL3885881]
B03,CHEMBL280998,Pyrocatechol,standard_value es nulo (sin valor cuantitativo),CHEMBL3885882,None (None) [CHEMBL3885881]
B03,CHEMBL280998,Pyrocatechol,standard_value es nulo (sin valor cuantitativo),CHEMBL3885882,None (None) [CHEMBL3885881]
B03,CHEMBL280998,Pyrocatechol,standard_value es nulo (sin valor cuantitativo),CHEMBL3885882,None (None) [CHEMBL3885881]
B03,CHEMBL280998,Pyrocatechol,standard_value es nulo (sin valor cuantitativo),CHEMBL3885882,None (None) [CHEMBL3885881]
B03,CHEMBL280998,Pyrocatechol,standard_value es nulo (sin valor cuantitativo),CHEMBL3885882,None (None) [CHEMBL3885881]
B03,CHEMBL280998,Pyrocatechol,standard_value es nulo (sin valor cuantitativo),CHEMBL3885882,None (None) [CHEMBL3885881]
B03,CHEMBL280998,Pyrocatechol,standard_value es nulo (sin valor cuantitativo),CHEMBL3885882,None (None) [CHEMBL3885881]
B03,CHEMBL280998,Pyrocatechol,standard_value es nulo (sin valor cuantitativo),CHEMBL3885882,None (None) [CHEMBL3885881]
B03,CHEMBL280998,Pyrocatechol,standard_value es nulo (sin valor cuantitativo),CHEMBL3885882,None (None) [CHEMBL3885881]
B03,CHEMBL280998,Pyrocatechol,standard_value es nulo (sin valor cuantitativo),CHEMBL3885882,None (None) [CHEMBL3885881]
B03,CHEMBL280998,Pyrocatechol,standard_value es nulo (sin valor cuantitativo),CHEMBL3885882,None (None) [CHEMBL3885881]
B03,CHEMBL280998,Pyrocatechol,standard_value es nulo (sin valor cuantitativo),CHEMBL3885882,None (None) [CHEMBL3885881]
B03,CHEMBL280998,Pyrocatechol,standard_value es nulo (sin valor cuantitativo),CHEMBL3885882,None (None) [CHEMBL3885881]
B03,CHEMBL280998,Pyrocatechol,standard_value es nulo (sin valor cuantitativo),CHEMBL3885882,None (None) [CHEMBL3885881]
B03,CHEMBL280998,Pyrocatechol,standard_value es nulo (sin valor cuantitativo),CHEMBL3885882,None (None) [CHEMBL3885881]
B03,CHEMBL280998,Pyrocatechol,standard_value es nulo (sin valor cuantitativo),CHEMBL3885882,None (None) [CHEMBL3885881]
B03,CHEMBL280998,Pyrocatechol,standard_value es nulo (sin valor cuantitativo),CHEMBL3885882,None (None) [CHEMBL3885881]
B03,CHEMBL280998,Pyrocatechol,standard_value es nulo (sin valor cuantitativo),CHEMBL3885882,None (None) [CHEMBL3885881]
B03,CHEMBL280998,Pyrocatechol,standard_value es nulo (sin valor cuantitativo),CHEMBL3885882,None (None) [CHEMBL3885881]
B03,CHEMBL280998,Pyrocatechol,standard_value es nulo (sin valor cuantitativo),CHEMBL3885882,None (None) [CHEMBL3885881]
B03,CHEMBL280998,Pyrocatechol,standard_value es nulo (sin valor cuantitativo),CHEMBL3885882,None (None) [CHEMBL3885881]
B03,CHEMBL280998,Pyrocatechol,standard_value es nulo (sin valor cuantitativo),CHEMBL3885882,None (None) [CHEMBL3885881]
B03,CHEMBL280998,Pyrocatechol,standard_value es nulo (sin valor cuantitativo),CHEMBL3885882,None (None) [CHEMBL3885881]
B03,CHEMBL280998,Pyrocatechol,standard_value es nulo (sin valor cuantitativo),CHEMBL3885882,None (None) [CHEMBL3885881]
B03,CHEMBL280998,Pyrocatechol,standard_value es nulo (sin valor cuantitativo),CHEMBL3885882,None (None) [CHEMBL3885881]
B03,CHEMBL280998,Pyrocatechol,standard_value es nulo (sin valor cuantitativo),CHEMBL3885882,None (None) [CHEMBL3885881]
B03,CHEMBL280998,Pyrocatechol,standard_value es nulo (sin valor cuantitativo),CHEMBL3885882,None (None) [CHEMBL3885881]
B03,CHEMBL280998,Pyrocatechol,standard_value es nulo (sin valor cuantitativo),CHEMBL3885882,None (None) [CHEMBL3885881]
B03,CHEMBL280998,Pyrocatechol,standard_value es nulo (sin valor cuantitativo),CHEMBL3885882,None (None) [CHEMBL3885881]
B03,CHEMBL280998,Pyrocatechol,standard_value es nulo (sin valor cuantitativo),CHEMBL3885882,None (None) [CHEMBL3885881]
B03,CHEMBL280998,Pyrocatechol,standard_value es nulo (sin valor cuantitativo),CHEMBL3885882,None (None) [CHEMBL3885881]
B03,CHEMBL280998,Pyrocatechol,standard_value es nulo (sin valor cuantitativo),CHEMBL3885882,None (None) [CHEMBL3885881]
B03,CHEMBL280998,Pyrocatechol,standard_value es nulo (sin valor cuantitativo),CHEMBL3885882,None (None) [CHEMBL3885881]
B03,CHEMBL280998,Pyrocatechol,standard_value es nulo (sin valor cuantitativo),CHEMBL3885882,None (None) [CHEMBL3885881]
B03,CHEMBL280998,Pyrocatechol,standard_value es nulo (sin valor cuantitativo),CHEMBL3885882,None (None) [CHEMBL3885881]
B03,CHEMBL280998,Pyrocatechol,standard_value es nulo (sin valor cuantitativo),CHEMBL3885882,None (None) [CHEMBL3885881]
B03,CHEMBL280998,Pyrocatechol,standard_value es nulo (sin valor cuantitativo),CHEMBL3885882,None (None) [CHEMBL3885881]
B03,CHEMBL280998,Pyrocatechol,standard_value es nulo (sin valor cuantitativo),CHEMBL3885882,None (None) [CHEMBL3885881]
B03,CHEMBL280998,Pyrocatechol,standard_value es nulo (sin valor cuantitativo),CHEMBL3885882,None (None) [CHEMBL3885881]
B03,CHEMBL280998,Pyrocatechol,standard_value es nulo (sin valor cuantitativo),CHEMBL3885882,None (None) [CHEMBL3885881]
B03,CHEMBL280998,Pyrocatechol,standard_value es nulo (sin valor cuantitativo),CHEMBL3885882,None (None) [CHEMBL3885881]
B03,CHEMBL280998,Pyrocatechol,standard_value es nulo (sin valor cuantitativo),CHEMBL3885882,None (None) [CHEMBL3885881]
B03,CHEMBL280998,Pyrocatechol,standard_value es nulo (sin valor cuantitativo),CHEMBL3885882,None (None) [CHEMBL3885881]
B03,CHEMBL280998,Pyrocatechol,standard_value es nulo (sin valor cuantitativo),CHEMBL3885882,None (None) [CHEMBL3885881]
B03,CHEMBL280998,Pyrocatechol,standard_value es nulo (sin valor cuantitativo),CHEMBL3885882,None (None) [CHEMBL3885881]
B03,CHEMBL280998,Pyrocatechol,standard_value es nulo (sin valor cuantitativo),CHEMBL3885882,None (None) [CHEMBL3885881]
B03,CHEMBL280998,Pyrocatechol,standard_value es nulo (sin valor cuantitativo),CHEMBL3885882,None (None) [CHEMBL3885881]
B03,CHEMBL280998,Pyrocatechol,standard_value es nulo (sin valor cuantitativo),CHEMBL3885882,None (None) [CHEMBL3885881]
B03,CHEMBL280998,Pyrocatechol,standard_value es nulo (sin valor cuantitativo),CHEMBL3885882,None (None) [CHEMBL3885881]
B03,CHEMBL280998,Pyrocatechol,standard_value es nulo (sin valor cuantitativo),CHEMBL3885882,None (None) [CHEMBL3885881]
B03,CHEMBL280998,Pyrocatechol,standard_value es nulo (sin valor cuantitativo),CHEMBL3885882,None (None) [CHEMBL3885881]
B03,CHEMBL280998,Pyrocatechol,standard_value es nulo (sin valor cuantitativo),CHEMBL3885882,None (None) [CHEMBL3885881]
B03,CHEMBL280998,Pyrocatechol,standard_value es nulo (sin valor cuantitativo),CHEMBL3885882,None (None) [CHEMBL3885881]
B03,CHEMBL280998,Pyrocatechol,standard_value es nulo (sin valor cuantitativo),CHEMBL3885882,None (None) [CHEMBL3885881]
B03,CHEMBL280998,Pyrocatechol,standard_value es nulo (sin valor cuantitativo),CHEMBL3885882,None (None) [CHEMBL3885881]
B03,CHEMBL280998,Pyrocatechol,standard_value es nulo (sin valor cuantitativo),CHEMBL3885882,None (None) [CHEMBL3885881]
B03,CHEMBL280998,Pyrocatechol,standard_value es nulo (sin valor cuantitativo),CHEMBL3885882,None (None) [CHEMBL3885881]
B03,CHEMBL280998,Pyrocatechol,standard_value es nulo (sin valor cuantitativo),CHEMBL3885882,None (None) [CHEMBL3885881]
B03,CHEMBL280998,Pyrocatechol,standard_value es nulo (sin valor cuantitativo),CHEMBL3885882,None (None) [CHEMBL3885881]
B03,CHEMBL280998,Pyrocatechol,standard_value es nulo (sin valor cuantitativo),CHEMBL3885882,None (None) [CHEMBL3885881]
B03,CHEMBL280998,Pyrocatechol,standard_value es nulo (sin valor cuantitativo),CHEMBL3885882,None (None) [CHEMBL3885881]
B03,CHEMBL280998,Pyrocatechol,standard_value es nulo (sin valor cuantitativo),CHEMBL3885882,None (None) [CHEMBL3885881]
B03,CHEMBL280998,Pyrocatechol,standard_value es nulo (sin valor cuantitativo),CHEMBL3885882,None (None) [CHEMBL3885881]
B03,CHEMBL280998,Pyrocatechol,standard_value es nulo (sin valor cuantitativo),CHEMBL3885882,None (None) [CHEMBL3885881]
B03,CHEMBL280998,Pyrocatechol,standard_value es nulo (sin valor cuantitativo),CHEMBL3885882,None (None) [CHEMBL3885881]
B03,CHEMBL280998,Pyrocatechol,standard_value es nulo (sin valor cuantitativo),CHEMBL3885882,None (None) [CHEMBL3885881]
B03,CHEMBL280998,Pyrocatechol,standard_value es nulo (sin valor cuantitativo),CHEMBL3885882,None (None) [CHEMBL3885881]
B03,CHEMBL280998,Pyrocatechol,standard_value es nulo (sin valor cuantitativo),CHEMBL3885882,None (None) [CHEMBL3885881]
B03,CHEMBL280998,Pyrocatechol,standard_value es nulo (sin valor cuantitativo),CHEMBL3885882,None (None) [CHEMBL3885881]
B03,CHEMBL280998,Pyrocatechol,standard_value es nulo (sin valor cuantitativo),CHEMBL3885882,None (None) [CHEMBL3885881]
B03,CHEMBL280998,Pyrocatechol,standard_value es nulo (sin valor cuantitativo),CHEMBL3885882,None (None) [CHEMBL3885881]
B03,CHEMBL280998,Pyrocatechol,standard_value es nulo (sin valor cuantitativo),CHEMBL3885882,None (None) [CHEMBL3885881]
B03,CHEMBL280998,Pyrocatechol,standard_value es nulo (sin valor cuantitativo),CHEMBL3885882,None (None) [CHEMBL3885881]
B03,CHEMBL280998,Pyrocatechol,standard_value es nulo (sin valor cuantitativo),CHEMBL3885882,None (None) [CHEMBL3885881]
B03,CHEMBL280998,Pyrocatechol,standard_value es nulo (sin valor cuantitativo),CHEMBL3885882,None (None) [CHEMBL3885881]
B03,CHEMBL280998,Pyrocatechol,standard_value es nulo (sin valor cuantitativo),CHEMBL3885882,None (None) [CHEMBL3885881]
B03,CHEMBL280998,Pyrocatechol,standard_value es nulo (sin valor cuantitativo),CHEMBL3885882,None (None) [CHEMBL3885881]
B03,CHEMBL280998,Pyrocatechol,standard_value es nulo (sin valor cuantitativo),CHEMBL3885882,None (None) [CHEMBL3885881]
B03,CHEMBL280998,Pyrocatechol,standard_value es nulo (sin valor cuantitativo),CHEMBL3885882,None (None) [CHEMBL3885881]
B03,CHEMBL280998,Pyrocatechol,standard_value es nulo (sin valor cuantitativo),CHEMBL4017946,Bioorg Med Chem Lett (2017) [CHEMBL4017461]
B03,CHEMBL280998,Pyrocatechol,standard_value es nulo (sin valor cuantitativo),CHEMBL4775506,J Med Chem (2021) [CHEMBL4765477]
B03,CHEMBL280998,Pyrocatechol,standard_value es nulo (sin valor cuantitativo),CHEMBL4821399,Eur J Med Chem (2021) [CHEMBL4819068]
B03,CHEMBL280998,Pyrocatechol,standard_value es nulo (sin valor cuantitativo),CHEMBL4821401,Eur J Med Chem (2021) [CHEMBL4819068]
B03,CHEMBL280998,Pyrocatechol,standard_value es nulo (sin valor cuantitativo),CHEMBL4821403,Eur J Med Chem (2021) [CHEMBL4819068]
B03,CHEMBL280998,Pyrocatechol,standard_value es nulo (sin valor cuantitativo),CHEMBL6137622,J Med Chem (2025) [CHEMBL6134841]
B04,CHEMBL284616,Chlorogenic acid,standard_value es nulo (sin valor cuantitativo),CHEMBL925450,J Nat Prod (2007) [CHEMBL1141281]
B04,CHEMBL284616,Chlorogenic acid,standard_value es nulo (sin valor cuantitativo),CHEMBL944043,Bioorg Med Chem Lett (2007) [CHEMBL1141366]
B04,CHEMBL284616,Chlorogenic acid,standard_value es nulo (sin valor cuantitativo),CHEMBL944042,Bioorg Med Chem Lett (2007) [CHEMBL1141366]
B04,CHEMBL284616,Chlorogenic acid,standard_value es nulo (sin valor cuantitativo),CHEMBL947693,J Nat Prod (1987) [CHEMBL1150175]
B04,CHEMBL284616,Chlorogenic acid,standard_value es nulo (sin valor cuantitativo),CHEMBL944601,J Nat Prod (1987) [CHEMBL1150175]
B04,CHEMBL284616,Chlorogenic acid,standard_value es nulo (sin valor cuantitativo),CHEMBL944593,J Nat Prod (1987) [CHEMBL1150175]
B04,CHEMBL284616,Chlorogenic acid,standard_value es nulo (sin valor cuantitativo),CHEMBL944592,J Nat Prod (1987) [CHEMBL1150175]
B04,CHEMBL284616,Chlorogenic acid,standard_value es nulo (sin valor cuantitativo),CHEMBL944590,J Nat Prod (1987) [CHEMBL1150175]
B04,CHEMBL284616,Chlorogenic acid,standard_value es nulo (sin valor cuantitativo),CHEMBL944591,J Nat Prod (1987) [CHEMBL1150175]
B04,CHEMBL284616,Chlorogenic acid,standard_value es nulo (sin valor cuantitativo),CHEMBL1032505,J Nat Prod (2001) [CHEMBL1137802]
B04,CHEMBL284616,Chlorogenic acid,standard_value es nulo (sin valor cuantitativo),CHEMBL983108,J Nat Prod (2003) [CHEMBL1146521]
B04,CHEMBL284616,Chlorogenic acid,standard_value es nulo (sin valor cuantitativo),CHEMBL983109,J Nat Prod (2003) [CHEMBL1146521]
B04,CHEMBL284616,Chlorogenic acid,standard_value es nulo (sin valor cuantitativo),CHEMBL975707,J Nat Prod (1999) [CHEMBL1157280]
B04,CHEMBL284616,Chlorogenic acid,standard_value es nulo (sin valor cuantitativo),CHEMBL975708,J Nat Prod (1999) [CHEMBL1157280]
B04,CHEMBL284616,Chlorogenic acid,standard_value es nulo (sin valor cuantitativo),CHEMBL975709,J Nat Prod (1999) [CHEMBL1157280]
B04,CHEMBL284616,Chlorogenic acid,standard_value es nulo (sin valor cuantitativo),CHEMBL975728,J Nat Prod (1999) [CHEMBL1141813]
B04,CHEMBL284616,Chlorogenic acid,standard_value es nulo (sin valor cuantitativo),CHEMBL975732,J Nat Prod (1999) [CHEMBL1141813]
B04,CHEMBL284616,Chlorogenic acid,standard_value es nulo (sin valor cuantitativo),CHEMBL1048218,Bioorg Med Chem Lett (2009) [CHEMBL1155970]
B04,CHEMBL284616,Chlorogenic acid,standard_value es nulo (sin valor cuantitativo),CHEMBL1101973,J Nat Prod (2010) [CHEMBL1154898]
B04,CHEMBL284616,Chlorogenic acid,standard_value es nulo (sin valor cuantitativo),CHEMBL1685536,Bioorg Med Chem Lett (2011) [CHEMBL1681748]
B04,CHEMBL284616,Chlorogenic acid,standard_value es nulo (sin valor cuantitativo),CHEMBL1685537,Bioorg Med Chem Lett (2011) [CHEMBL1681748]
B04,CHEMBL284616,Chlorogenic acid,standard_value es nulo (sin valor cuantitativo),CHEMBL1685538,Bioorg Med Chem Lett (2011) [CHEMBL1681748]
B04,CHEMBL284616,Chlorogenic acid,standard_value es nulo (sin valor cuantitativo),CHEMBL1685539,Bioorg Med Chem Lett (2011) [CHEMBL1681748]
B04,CHEMBL284616,Chlorogenic acid,standard_value es nulo (sin valor cuantitativo),CHEMBL2148592,Bioorg Med Chem (2012) [CHEMBL2146368]
B04,CHEMBL284616,Chlorogenic acid,standard_value es nulo (sin valor cuantitativo),CHEMBL2209572,J Nat Prod (2012) [CHEMBL2203259]
B04,CHEMBL284616,Chlorogenic acid,standard_value es nulo (sin valor cuantitativo),CHEMBL3049751,J Agric Food Chem (2012) [CHEMBL3046008]
B04,CHEMBL284616,Chlorogenic acid,standard_value es nulo (sin valor cuantitativo),CHEMBL3059230,J Pestic Sci (2011) [CHEMBL3046865]
B04,CHEMBL284616,Chlorogenic acid,standard_value es nulo (sin valor cuantitativo),CHEMBL3059231,J Pestic Sci (2011) [CHEMBL3046865]
B04,CHEMBL284616,Chlorogenic acid,standard_value es nulo (sin valor cuantitativo),CHEMBL2428848,Med Chem Res (2013) [CHEMBL2424526]
B04,CHEMBL284616,Chlorogenic acid,standard_value es nulo (sin valor cuantitativo),CHEMBL2443435,Bioorg Med Chem (2013) [CHEMBL2439968]
B04,CHEMBL284616,Chlorogenic acid,standard_value es nulo (sin valor cuantitativo),CHEMBL3094943,J Nat Prod (2013) [CHEMBL3091360]
B04,CHEMBL284616,Chlorogenic acid,standard_value es nulo (sin valor cuantitativo),CHEMBL3094944,J Nat Prod (2013) [CHEMBL3091360]
B04,CHEMBL284616,Chlorogenic acid,standard_value es nulo (sin valor cuantitativo),CHEMBL3094945,J Nat Prod (2013) [CHEMBL3091360]
B04,CHEMBL284616,Chlorogenic acid,standard_value es nulo (sin valor cuantitativo),CHEMBL3094946,J Nat Prod (2013) [CHEMBL3091360]
B04,CHEMBL284616,Chlorogenic acid,standard_value es nulo (sin valor cuantitativo),CHEMBL3094947,J Nat Prod (2013) [CHEMBL3091360]
B04,CHEMBL284616,Chlorogenic acid,standard_value es nulo (sin valor cuantitativo),CHEMBL3094948,J Nat Prod (2013) [CHEMBL3091360]
B04,CHEMBL284616,Chlorogenic acid,standard_value es nulo (sin valor cuantitativo),CHEMBL3094949,J Nat Prod (2013) [CHEMBL3091360]
B04,CHEMBL284616,Chlorogenic acid,standard_value es nulo (sin valor cuantitativo),CHEMBL3295283,J Nat Prod (2014) [CHEMBL3286152]
B04,CHEMBL284616,Chlorogenic acid,standard_value es nulo (sin valor cuantitativo),CHEMBL3295286,J Nat Prod (2014) [CHEMBL3286152]
B04,CHEMBL284616,Chlorogenic acid,standard_value es nulo (sin valor cuantitativo),CHEMBL3379703,Bioorg Med Chem Lett (2015) [CHEMBL3351495]
B04,CHEMBL284616,Chlorogenic acid,standard_value es nulo (sin valor cuantitativo),CHEMBL3379701,Bioorg Med Chem Lett (2015) [CHEMBL3351495]
B04,CHEMBL284616,Chlorogenic acid,standard_value es nulo (sin valor cuantitativo),CHEMBL3377077,J Med Chem (2014) [CHEMBL3351774]
B04,CHEMBL284616,Chlorogenic acid,standard_value es nulo (sin valor cuantitativo),CHEMBL3637356,Eur J Med Chem (2015) [CHEMBL3632512]
B04,CHEMBL284616,Chlorogenic acid,standard_value es nulo (sin valor cuantitativo),CHEMBL3637598,J Nat Prod (2015) [CHEMBL3632531]
B04,CHEMBL284616,Chlorogenic acid,standard_value es nulo (sin valor cuantitativo),CHEMBL3745358,J Nat Prod (2015) [CHEMBL3739262]
B04,CHEMBL284616,Chlorogenic acid,standard_value es nulo (sin valor cuantitativo),CHEMBL3795029,Bioorg Med Chem Lett (2016) [CHEMBL3792339]
B04,CHEMBL284616,Chlorogenic acid,standard_value es nulo (sin valor cuantitativo),CHEMBL3867156,J Nat Prod (2016) [CHEMBL3865835]
B04,CHEMBL284616,Chlorogenic acid,standard_value es nulo (sin valor cuantitativo),CHEMBL4043508,J Nat Prod (2017) [CHEMBL4043071]
B04,CHEMBL284616,Chlorogenic acid,standard_value es nulo (sin valor cuantitativo),CHEMBL4043509,J Nat Prod (2017) [CHEMBL4043071]
B04,CHEMBL284616,Chlorogenic acid,standard_value es nulo (sin valor cuantitativo),CHEMBL4043510,J Nat Prod (2017) [CHEMBL4043071]
B04,CHEMBL284616,Chlorogenic acid,standard_value es nulo (sin valor cuantitativo),CHEMBL4189096,Bioorg Med Chem Lett (2018) [CHEMBL4184307]
B04,CHEMBL284616,Chlorogenic acid,standard_value es nulo (sin valor cuantitativo),CHEMBL4710192,Eur J Med Chem (2020) [CHEMBL4706556]
B04,CHEMBL284616,Chlorogenic acid,standard_value es nulo (sin valor cuantitativo),CHEMBL4823179,Bioorg Med Chem Lett (2021) [CHEMBL4819155]
B04,CHEMBL284616,Chlorogenic acid,standard_value es nulo (sin valor cuantitativo),CHEMBL4825164,Bioorg Med Chem Lett (2021) [CHEMBL4823304]
B04,CHEMBL284616,Chlorogenic acid,standard_value es nulo (sin valor cuantitativo),CHEMBL5339880,J Med Chem (2023) [CHEMBL5338726]
B04,CHEMBL284616,Chlorogenic acid,standard_value es nulo (sin valor cuantitativo),CHEMBL5339881,J Med Chem (2023) [CHEMBL5338726]
B04,CHEMBL284616,Chlorogenic acid,standard_value es nulo (sin valor cuantitativo),CHEMBL5339882,J Med Chem (2023) [CHEMBL5338726]
B04,CHEMBL284616,Chlorogenic acid,standard_value es nulo (sin valor cuantitativo),CHEMBL5339883,J Med Chem (2023) [CHEMBL5338726]
B04,CHEMBL284616,Chlorogenic acid,standard_value es nulo (sin valor cuantitativo),CHEMBL5339884,J Med Chem (2023) [CHEMBL5338726]
B04,CHEMBL284616,Chlorogenic acid,standard_value es nulo (sin valor cuantitativo),CHEMBL5339885,J Med Chem (2023) [CHEMBL5338726]
B04,CHEMBL284616,Chlorogenic acid,standard_value es nulo (sin valor cuantitativo),CHEMBL5339886,J Med Chem (2023) [CHEMBL5338726]
B04,CHEMBL284616,Chlorogenic acid,standard_value es nulo (sin valor cuantitativo),CHEMBL5339887,J Med Chem (2023) [CHEMBL5338726]
B04,CHEMBL284616,Chlorogenic acid,standard_value es nulo (sin valor cuantitativo),CHEMBL5339888,J Med Chem (2023) [CHEMBL5338726]
B04,CHEMBL284616,Chlorogenic acid,standard_value es nulo (sin valor cuantitativo),CHEMBL5339889,J Med Chem (2023) [CHEMBL5338726]
B04,CHEMBL284616,Chlorogenic acid,standard_value es nulo (sin valor cuantitativo),CHEMBL5339890,J Med Chem (2023) [CHEMBL5338726]
B04,CHEMBL284616,Chlorogenic acid,standard_value es nulo (sin valor cuantitativo),CHEMBL5339891,J Med Chem (2023) [CHEMBL5338726]
B04,CHEMBL284616,Chlorogenic acid,standard_value es nulo (sin valor cuantitativo),CHEMBL5339892,J Med Chem (2023) [CHEMBL5338726]
B04,CHEMBL284616,Chlorogenic acid,standard_value es nulo (sin valor cuantitativo),CHEMBL5339893,J Med Chem (2023) [CHEMBL5338726]
B04,CHEMBL284616,Chlorogenic acid,standard_value es nulo (sin valor cuantitativo),CHEMBL5339894,J Med Chem (2023) [CHEMBL5338726]
B04,CHEMBL284616,Chlorogenic acid,standard_value es nulo (sin valor cuantitativo),CHEMBL5339895,J Med Chem (2023) [CHEMBL5338726]
B04,CHEMBL284616,Chlorogenic acid,standard_value es nulo (sin valor cuantitativo),CHEMBL5339896,J Med Chem (2023) [CHEMBL5338726]
B04,CHEMBL284616,Chlorogenic acid,standard_value es nulo (sin valor cuantitativo),CHEMBL5339897,J Med Chem (2023) [CHEMBL5338726]
B04,CHEMBL284616,Chlorogenic acid,standard_value es nulo (sin valor cuantitativo),CHEMBL5339898,J Med Chem (2023) [CHEMBL5338726]
B04,CHEMBL284616,Chlorogenic acid,standard_value es nulo (sin valor cuantitativo),CHEMBL5339899,J Med Chem (2023) [CHEMBL5338726]
B04,CHEMBL284616,Chlorogenic acid,standard_value es nulo (sin valor cuantitativo),CHEMBL5339900,J Med Chem (2023) [CHEMBL5338726]
B04,CHEMBL284616,Chlorogenic acid,standard_value es nulo (sin valor cuantitativo),CHEMBL5339901,J Med Chem (2023) [CHEMBL5338726]
B04,CHEMBL284616,Chlorogenic acid,standard_value es nulo (sin valor cuantitativo),CHEMBL5339902,J Med Chem (2023) [CHEMBL5338726]
B04,CHEMBL284616,Chlorogenic acid,standard_value es nulo (sin valor cuantitativo),CHEMBL5339903,J Med Chem (2023) [CHEMBL5338726]
B04,CHEMBL284616,Chlorogenic acid,standard_value es nulo (sin valor cuantitativo),CHEMBL6085203,Bioorg Med Chem (2024) [CHEMBL6083246]
B04,CHEMBL284616,Chlorogenic acid,standard_value es nulo (sin valor cuantitativo),CHEMBL6085204,Bioorg Med Chem (2024) [CHEMBL6083246]
B04,CHEMBL284616,Chlorogenic acid,standard_value es nulo (sin valor cuantitativo),CHEMBL6085205,Bioorg Med Chem (2024) [CHEMBL6083246]
B04,CHEMBL284616,Chlorogenic acid,standard_value es nulo (sin valor cuantitativo),CHEMBL6085206,Bioorg Med Chem (2024) [CHEMBL6083246]
B04,CHEMBL284616,Chlorogenic acid,standard_value es nulo (sin valor cuantitativo),CHEMBL6085207,Bioorg Med Chem (2024) [CHEMBL6083246]
B04,CHEMBL284616,Chlorogenic acid,standard_value es nulo (sin valor cuantitativo),CHEMBL6085208,Bioorg Med Chem (2024) [CHEMBL6083246]
B04,CHEMBL284616,Chlorogenic acid,standard_value es nulo (sin valor cuantitativo),CHEMBL6085209,Bioorg Med Chem (2024) [CHEMBL6083246]
B04,CHEMBL284616,Chlorogenic acid,standard_value es nulo (sin valor cuantitativo),CHEMBL6085210,Bioorg Med Chem (2024) [CHEMBL6083246]
B04,CHEMBL284616,Chlorogenic acid,standard_value es nulo (sin valor cuantitativo),CHEMBL6085211,Bioorg Med Chem (2024) [CHEMBL6083246]
B04,CHEMBL284616,Chlorogenic acid,standard_value es nulo (sin valor cuantitativo),CHEMBL6085212,Bioorg Med Chem (2024) [CHEMBL6083246]
B04,CHEMBL284616,Chlorogenic acid,standard_value es nulo (sin valor cuantitativo),CHEMBL6085213,Bioorg Med Chem (2024) [CHEMBL6083246]
B05,CHEMBL441343,4-Hydroxybenzoic acid,standard_value es nulo (sin valor cuantitativo),CHEMBL674646,J Med Chem (1989) [CHEMBL1124610]
B05,CHEMBL441343,4-Hydroxybenzoic acid,standard_value es nulo (sin valor cuantitativo),CHEMBL676065,J Med Chem (1989) [CHEMBL1124610]
B05,CHEMBL441343,4-Hydroxybenzoic acid,standard_value es nulo (sin valor cuantitativo),CHEMBL650773,J Med Chem (1982) [CHEMBL1122024]
B05,CHEMBL441343,4-Hydroxybenzoic acid,standard_value es nulo (sin valor cuantitativo),CHEMBL638474,J Med Chem (1982) [CHEMBL1122024]
B05,CHEMBL441343,4-Hydroxybenzoic acid,standard_value es nulo (sin valor cuantitativo),CHEMBL650437,J Med Chem (1982) [CHEMBL1122024]
B05,CHEMBL441343,4-Hydroxybenzoic acid,standard_value es nulo (sin valor cuantitativo),CHEMBL1025804,J Nat Prod (1995) [CHEMBL1159248]
B05,CHEMBL441343,4-Hydroxybenzoic acid,standard_value es nulo (sin valor cuantitativo),CHEMBL1804869,Bioorg Med Chem Lett (2011) [CHEMBL1799918]
B05,CHEMBL441343,4-Hydroxybenzoic acid,standard_value es nulo (sin valor cuantitativo),CHEMBL1804868,Bioorg Med Chem Lett (2011) [CHEMBL1799918]
B05,CHEMBL441343,4-Hydroxybenzoic acid,standard_value es nulo (sin valor cuantitativo),CHEMBL2168061,J Nat Prod (2012) [CHEMBL2163336]
B05,CHEMBL441343,4-Hydroxybenzoic acid,standard_value es nulo (sin valor cuantitativo),CHEMBL3051346,J Agric Food Chem (2011) [CHEMBL3046615]
B05,CHEMBL441343,4-Hydroxybenzoic acid,standard_value es nulo (sin valor cuantitativo),CHEMBL3051347,J Agric Food Chem (2011) [CHEMBL3046615]
B05,CHEMBL441343,4-Hydroxybenzoic acid,standard_value es nulo (sin valor cuantitativo),CHEMBL3051348,J Agric Food Chem (2011) [CHEMBL3046615]
B05,CHEMBL441343,4-Hydroxybenzoic acid,standard_value es nulo (sin valor cuantitativo),CHEMBL3051349,J Agric Food Chem (2011) [CHEMBL3046615]
B05,CHEMBL441343,4-Hydroxybenzoic acid,standard_value es nulo (sin valor cuantitativo),CHEMBL3051669,J Agric Food Chem (2011) [CHEMBL3046615]
B05,CHEMBL441343,4-Hydroxybenzoic acid,standard_value es nulo (sin valor cuantitativo),CHEMBL3051670,J Agric Food Chem (2011) [CHEMBL3046615]
B05,CHEMBL441343,4-Hydroxybenzoic acid,standard_value es nulo (sin valor cuantitativo),CHEMBL3051671,J Agric Food Chem (2011) [CHEMBL3046615]
B05,CHEMBL441343,4-Hydroxybenzoic acid,standard_value es nulo (sin valor cuantitativo),CHEMBL3051672,J Agric Food Chem (2011) [CHEMBL3046615]
B05,CHEMBL441343,4-Hydroxybenzoic acid,standard_value es nulo (sin valor cuantitativo),CHEMBL3051673,J Agric Food Chem (2011) [CHEMBL3046615]
B05,CHEMBL441343,4-Hydroxybenzoic acid,standard_value es nulo (sin valor cuantitativo),CHEMBL3051674,J Agric Food Chem (2011) [CHEMBL3046615]
B05,CHEMBL441343,4-Hydroxybenzoic acid,standard_value es nulo (sin valor cuantitativo),CHEMBL3051675,J Agric Food Chem (2011) [CHEMBL3046615]
B05,CHEMBL441343,4-Hydroxybenzoic acid,standard_value es nulo (sin valor cuantitativo),CHEMBL3051676,J Agric Food Chem (2011) [CHEMBL3046615]
B05,CHEMBL441343,4-Hydroxybenzoic acid,standard_value es nulo (sin valor cuantitativo),CHEMBL3059231,J Pestic Sci (2011) [CHEMBL3046865]
B05,CHEMBL441343,4-Hydroxybenzoic acid,standard_value es nulo (sin valor cuantitativo),CHEMBL3081661,J Agric Food Chem (2000) [CHEMBL3044817]
B05,CHEMBL441343,4-Hydroxybenzoic acid,standard_value es nulo (sin valor cuantitativo),CHEMBL3383570,Bioorg Med Chem Lett (2014) [CHEMBL3352537]
B05,CHEMBL441343,4-Hydroxybenzoic acid,standard_value es nulo (sin valor cuantitativo),CHEMBL3745358,J Nat Prod (2015) [CHEMBL3739262]
B05,CHEMBL441343,4-Hydroxybenzoic acid,standard_value es nulo (sin valor cuantitativo),CHEMBL3750506,Bioorg Med Chem (2016) [CHEMBL3745699]
B05,CHEMBL441343,4-Hydroxybenzoic acid,standard_value es nulo (sin valor cuantitativo),CHEMBL3750521,Bioorg Med Chem (2016) [CHEMBL3745699]
B05,CHEMBL441343,4-Hydroxybenzoic acid,standard_value es nulo (sin valor cuantitativo),CHEMBL3750655,Bioorg Med Chem (2016) [CHEMBL3745699]
B05,CHEMBL441343,4-Hydroxybenzoic acid,standard_value es nulo (sin valor cuantitativo),CHEMBL4054596,Eur J Med Chem (2017) [CHEMBL4052639]
B05,CHEMBL441343,4-Hydroxybenzoic acid,standard_value es nulo (sin valor cuantitativo),CHEMBL4149368,J Nat Prod (2018) [CHEMBL4145562]
B05,CHEMBL441343,4-Hydroxybenzoic acid,standard_value es nulo (sin valor cuantitativo),CHEMBL4149367,J Nat Prod (2018) [CHEMBL4145562]
B05,CHEMBL441343,4-Hydroxybenzoic acid,standard_value es nulo (sin valor cuantitativo),CHEMBL4149369,J Nat Prod (2018) [CHEMBL4145562]
B05,CHEMBL441343,4-Hydroxybenzoic acid,standard_value es nulo (sin valor cuantitativo),CHEMBL4186864,Bioorg Med Chem (2018) [CHEMBL4184188]
B05,CHEMBL441343,4-Hydroxybenzoic acid,standard_value es nulo (sin valor cuantitativo),CHEMBL4188926,Bioorg Med Chem Lett (2018) [CHEMBL4184295]
B05,CHEMBL441343,4-Hydroxybenzoic acid,standard_value es nulo (sin valor cuantitativo),CHEMBL5365773,Bioorg Med Chem Lett (2023) [CHEMBL5365402]
B05,CHEMBL441343,4-Hydroxybenzoic acid,standard_value es nulo (sin valor cuantitativo),CHEMBL5365774,Bioorg Med Chem Lett (2023) [CHEMBL5365402]
B05,CHEMBL441343,4-Hydroxybenzoic acid,standard_value es nulo (sin valor cuantitativo),CHEMBL5365775,Bioorg Med Chem Lett (2023) [CHEMBL5365402]
B05,CHEMBL441343,4-Hydroxybenzoic acid,standard_value es nulo (sin valor cuantitativo),CHEMBL5365776,Bioorg Med Chem Lett (2023) [CHEMBL5365402]
B05,CHEMBL441343,4-Hydroxybenzoic acid,standard_value es nulo (sin valor cuantitativo),CHEMBL5365777,Bioorg Med Chem Lett (2023) [CHEMBL5365402]
B05,CHEMBL441343,4-Hydroxybenzoic acid,standard_value es nulo (sin valor cuantitativo),CHEMBL5365778,Bioorg Med Chem Lett (2023) [CHEMBL5365402]
B05,CHEMBL441343,4-Hydroxybenzoic acid,standard_value es nulo (sin valor cuantitativo),CHEMBL5365779,Bioorg Med Chem Lett (2023) [CHEMBL5365402]
B05,CHEMBL441343,4-Hydroxybenzoic acid,standard_value es nulo (sin valor cuantitativo),CHEMBL5365780,Bioorg Med Chem Lett (2023) [CHEMBL5365402]
B05,CHEMBL441343,4-Hydroxybenzoic acid,standard_value es nulo (sin valor cuantitativo),CHEMBL5365781,Bioorg Med Chem Lett (2023) [CHEMBL5365402]
B05,CHEMBL441343,4-Hydroxybenzoic acid,standard_value es nulo (sin valor cuantitativo),CHEMBL6137622,J Med Chem (2025) [CHEMBL6134841]
B09,CHEMBL13883,Vanillin,standard_value es nulo (sin valor cuantitativo),CHEMBL949642,J Nat Prod (2001) [CHEMBL1156354]
B09,CHEMBL13883,Vanillin,standard_value es nulo (sin valor cuantitativo),CHEMBL949643,J Nat Prod (2001) [CHEMBL1156354]
B09,CHEMBL13883,Vanillin,standard_value es nulo (sin valor cuantitativo),CHEMBL1037390,Bioorg Med Chem Lett (2009) [CHEMBL1156109]
B09,CHEMBL13883,Vanillin,standard_value es nulo (sin valor cuantitativo),CHEMBL1037383,Bioorg Med Chem Lett (2009) [CHEMBL1156109]
B09,CHEMBL13883,Vanillin,standard_value es nulo (sin valor cuantitativo),CHEMBL3060118,J Agric Food Chem (2003) [CHEMBL3045883]
B09,CHEMBL13883,Vanillin,standard_value es nulo (sin valor cuantitativo),CHEMBL3124462,J Nat Prod (2014) [CHEMBL3120079]
B09,CHEMBL13883,Vanillin,standard_value es nulo (sin valor cuantitativo),CHEMBL3411987,Eur J Med Chem (2015) [CHEMBL3407499]
B09,CHEMBL13883,Vanillin,standard_value es nulo (sin valor cuantitativo),CHEMBL3429257,Bioorg Med Chem Lett (2015) [CHEMBL3425462]
B09,CHEMBL13883,Vanillin,standard_value es nulo (sin valor cuantitativo),CHEMBL3591412,Eur J Med Chem (2015) [CHEMBL3588847]
B09,CHEMBL13883,Vanillin,standard_value es nulo (sin valor cuantitativo),CHEMBL3638076,None (None) [CHEMBL3638030]
B09,CHEMBL13883,Vanillin,standard_value es nulo (sin valor cuantitativo),CHEMBL3821807,Bioorg Med Chem Lett (2016) [CHEMBL3817734]
B09,CHEMBL13883,Vanillin,standard_value es nulo (sin valor cuantitativo),CHEMBL3821809,Bioorg Med Chem Lett (2016) [CHEMBL3817734]
B09,CHEMBL13883,Vanillin,standard_value es nulo (sin valor cuantitativo),CHEMBL3877132,ACS Med Chem Lett (2017) [CHEMBL3875231]
B09,CHEMBL13883,Vanillin,standard_value es nulo (sin valor cuantitativo),CHEMBL4193266,J Nat Prod (2017) [CHEMBL4190302]
B09,CHEMBL13883,Vanillin,standard_value es nulo (sin valor cuantitativo),CHEMBL4223622,Bioorg Med Chem (2018) [CHEMBL4219223]
B09,CHEMBL13883,Vanillin,standard_value es nulo (sin valor cuantitativo),CHEMBL4223628,Bioorg Med Chem (2018) [CHEMBL4219223]
B09,CHEMBL13883,Vanillin,standard_value es nulo (sin valor cuantitativo),CHEMBL4223629,Bioorg Med Chem (2018) [CHEMBL4219223]
B09,CHEMBL13883,Vanillin,standard_value es nulo (sin valor cuantitativo),CHEMBL4223630,Bioorg Med Chem (2018) [CHEMBL4219223]
B09,CHEMBL13883,Vanillin,standard_value es nulo (sin valor cuantitativo),CHEMBL4253131,Eur J Med Chem (2018) [CHEMBL4251590]
B09,CHEMBL13883,Vanillin,standard_value es nulo (sin valor cuantitativo),CHEMBL4263381,Eur J Med Chem (2018) [CHEMBL4261577]
B09,CHEMBL13883,Vanillin,standard_value es nulo (sin valor cuantitativo),CHEMBL4269504,ACS Med Chem Lett (2018) [CHEMBL4266005]
B09,CHEMBL13883,Vanillin,standard_value es nulo (sin valor cuantitativo),CHEMBL4670026,Bioorg Med Chem Lett (2020) [CHEMBL4665766]
B09,CHEMBL13883,Vanillin,standard_value es nulo (sin valor cuantitativo),CHEMBL4670027,Bioorg Med Chem Lett (2020) [CHEMBL4665766]
B09,CHEMBL13883,Vanillin,standard_value es nulo (sin valor cuantitativo),CHEMBL5324840,J Med Chem (2023) [CHEMBL5321289]
